id,team,img-team,league,img-league
1,1. FC Köln,https://futhead.cursecdn.com/static/img/22/clubs/31.png,Bundesliga,https://futhead.cursecdn.com/static/img/22/leagues/19.png
2,1. FC Magdeburg,https://futhead.cursecdn.com/static/img/22/clubs/110588.png,3. Liga,https://futhead.cursecdn.com/static/img/22/leagues/2076.png
3,1. FC Nürnberg,https://futhead.cursecdn.com/static/img/22/clubs/171.png,Bundesliga 2,https://futhead.cursecdn.com/static/img/22/leagues/20.png
4,1. FSV Mainz 05,https://futhead.cursecdn.com/static/img/22/clubs/169.png,Bundesliga,https://futhead.cursecdn.com/static/img/22/leagues/19.png
5,1860 München,https://futhead.cursecdn.com/static/img/22/clubs/33.png,3. Liga,https://futhead.cursecdn.com/static/img/22/leagues/2076.png
6,AC Ajaccio,https://futhead.cursecdn.com/static/img/22/clubs/614.png,Ligue 2 BKT,https://futhead.cursecdn.com/static/img/22/leagues/17.png
7,AC Monza,https://futhead.cursecdn.com/static/img/22/clubs/111811.png,Calcio B,https://futhead.cursecdn.com/static/img/22/leagues/2179.png
8,AD Alcorcón,https://futhead.cursecdn.com/static/img/22/clubs/100831.png,LaLiga SmartBank,https://futhead.cursecdn.com/static/img/22/leagues/54.png
9,AEK Athens,https://futhead.cursecdn.com/static/img/22/clubs/278.png,Hellas Liga,https://futhead.cursecdn.com/static/img/22/leagues/63.png
10,AFC Bournemouth,https://futhead.cursecdn.com/static/img/22/clubs/1943.png,EFL Championship,https://futhead.cursecdn.com/static/img/22/leagues/14.png
11,AFC Chindia,https://futhead.cursecdn.com/static/img/22/clubs/113387.png,Liga I,https://futhead.cursecdn.com/static/img/22/leagues/330.png
12,AFC Wimbledon,https://futhead.cursecdn.com/static/img/22/clubs/112259.png,EFL League One,https://futhead.cursecdn.com/static/img/22/leagues/60.png
13,AIK,https://futhead.cursecdn.com/static/img/22/clubs/433.png,Allsvenskan,https://futhead.cursecdn.com/static/img/22/leagues/56.png
14,AJ Auxerre,https://futhead.cursecdn.com/static/img/22/clubs/57.png,Ligue 2 BKT,https://futhead.cursecdn.com/static/img/22/leagues/17.png
15,AS Monaco,https://futhead.cursecdn.com/static/img/22/clubs/69.png,Ligue 1 Uber Eats,https://futhead.cursecdn.com/static/img/22/leagues/16.png
16,AS Nancy Lorraine,https://futhead.cursecdn.com/static/img/22/clubs/1823.png,Ligue 2 BKT,https://futhead.cursecdn.com/static/img/22/leagues/17.png
17,AS Saint-Étienne,https://futhead.cursecdn.com/static/img/22/clubs/1819.png,Ligue 1 Uber Eats,https://futhead.cursecdn.com/static/img/22/leagues/16.png
18,ATK Mohun Bagan,https://futhead.cursecdn.com/static/img/22/clubs/113146.png,Hero Indian Super League,https://futhead.cursecdn.com/static/img/22/leagues/2149.png
19,AZ,https://futhead.cursecdn.com/static/img/22/clubs/1906.png,Eredivisie,https://futhead.cursecdn.com/static/img/22/leagues/10.png
20,Aalborg BK,https://futhead.cursecdn.com/static/img/22/clubs/820.png,3F Superliga,https://futhead.cursecdn.com/static/img/22/leagues/1.png
21,Aarhus GF,https://futhead.cursecdn.com/static/img/22/clubs/271.png,3F Superliga,https://futhead.cursecdn.com/static/img/22/leagues/1.png
22,Aberdeen,https://futhead.cursecdn.com/static/img/22/clubs/77.png,cinch Premiership,https://futhead.cursecdn.com/static/img/22/leagues/50.png
23,Abha Club,https://futhead.cursecdn.com/static/img/22/clubs/113058.png,MBS Pro League,https://futhead.cursecdn.com/static/img/22/leagues/350.png
24,Academica,https://futhead.cursecdn.com/static/img/22/clubs/113391.png,Liga I,https://futhead.cursecdn.com/static/img/22/leagues/330.png
25,Accrington,https://futhead.cursecdn.com/static/img/22/clubs/110313.png,EFL League One,https://futhead.cursecdn.com/static/img/22/leagues/60.png
26,Adana Demirspor,https://futhead.cursecdn.com/static/img/22/clubs/101016.png,Süper Lig,https://futhead.cursecdn.com/static/img/22/leagues/68.png
27,Adelaide United,https://futhead.cursecdn.com/static/img/22/clubs/111393.png,A-League,https://futhead.cursecdn.com/static/img/22/leagues/351.png
28,Admira Wacker,https://futhead.cursecdn.com/static/img/22/clubs/111821.png,Österreichische Fußball-Bundesliga,https://futhead.cursecdn.com/static/img/22/leagues/80.png
29,Ajax,https://futhead.cursecdn.com/static/img/22/clubs/245.png,Eredivisie,https://futhead.cursecdn.com/static/img/22/leagues/10.png
30,Al Ahli,https://futhead.cursecdn.com/static/img/22/clubs/112387.png,MBS Pro League,https://futhead.cursecdn.com/static/img/22/leagues/350.png
31,Al Ain FC,https://futhead.cursecdn.com/static/img/22/clubs/111701.png,United Emirates League,https://futhead.cursecdn.com/static/img/22/leagues/2172.png
32,Al Batin,https://futhead.cursecdn.com/static/img/22/clubs/112990.png,MBS Pro League,https://futhead.cursecdn.com/static/img/22/leagues/350.png
33,Al Faisaly,https://futhead.cursecdn.com/static/img/22/clubs/112389.png,MBS Pro League,https://futhead.cursecdn.com/static/img/22/leagues/350.png
34,Al Fateh,https://futhead.cursecdn.com/static/img/22/clubs/112390.png,MBS Pro League,https://futhead.cursecdn.com/static/img/22/leagues/350.png
35,Al Fayha,https://futhead.cursecdn.com/static/img/22/clubs/113057.png,MBS Pro League,https://futhead.cursecdn.com/static/img/22/leagues/350.png
36,Al Hazem,https://futhead.cursecdn.com/static/img/22/clubs/113222.png,MBS Pro League,https://futhead.cursecdn.com/static/img/22/leagues/350.png
37,Al Hilal,https://futhead.cursecdn.com/static/img/22/clubs/605.png,MBS Pro League,https://futhead.cursecdn.com/static/img/22/leagues/350.png
38,Al Ittihad,https://futhead.cursecdn.com/static/img/22/clubs/607.png,MBS Pro League,https://futhead.cursecdn.com/static/img/22/leagues/350.png
39,Al Nassr,https://futhead.cursecdn.com/static/img/22/clubs/112139.png,MBS Pro League,https://futhead.cursecdn.com/static/img/22/leagues/350.png
40,Al Raed,https://futhead.cursecdn.com/static/img/22/clubs/112392.png,MBS Pro League,https://futhead.cursecdn.com/static/img/22/leagues/350.png
41,Al Shabab,https://futhead.cursecdn.com/static/img/22/clubs/111674.png,MBS Pro League,https://futhead.cursecdn.com/static/img/22/leagues/350.png
42,Al Taawoun,https://futhead.cursecdn.com/static/img/22/clubs/112393.png,MBS Pro League,https://futhead.cursecdn.com/static/img/22/leagues/350.png
43,Al Tai,https://futhead.cursecdn.com/static/img/22/clubs/112572.png,MBS Pro League,https://futhead.cursecdn.com/static/img/22/leagues/350.png
44,Alanyaspor,https://futhead.cursecdn.com/static/img/22/clubs/113142.png,Süper Lig,https://futhead.cursecdn.com/static/img/22/leagues/68.png
45,Aldosivi,https://futhead.cursecdn.com/static/img/22/clubs/111707.png,Liga Profesional de Fútbol,https://futhead.cursecdn.com/static/img/22/leagues/353.png
46,Altay SK,https://futhead.cursecdn.com/static/img/22/clubs/101006.png,Süper Lig,https://futhead.cursecdn.com/static/img/22/leagues/68.png
47,Always Ready,https://futhead.cursecdn.com/static/img/22/clubs/114577.png,CONMEBOL Libertadores,https://futhead.cursecdn.com/static/img/22/leagues/1003.png
48,Amiens SC,https://futhead.cursecdn.com/static/img/22/clubs/1816.png,Ligue 2 BKT,https://futhead.cursecdn.com/static/img/22/leagues/17.png
49,América,https://futhead.cursecdn.com/static/img/22/clubs/1879.png,LIGA BBVA MX,https://futhead.cursecdn.com/static/img/22/leagues/341.png
50,América de Cali,https://futhead.cursecdn.com/static/img/22/clubs/101099.png,CONMEBOL Libertadores,https://futhead.cursecdn.com/static/img/22/leagues/1003.png
51,Angers SCO,https://futhead.cursecdn.com/static/img/22/clubs/1530.png,Ligue 1 Uber Eats,https://futhead.cursecdn.com/static/img/22/leagues/16.png
52,Antalyaspor,https://futhead.cursecdn.com/static/img/22/clubs/741.png,Süper Lig,https://futhead.cursecdn.com/static/img/22/leagues/68.png
53,Apoel FC,https://futhead.cursecdn.com/static/img/22/clubs/100135.png,Liga Cyprus,https://futhead.cursecdn.com/static/img/22/leagues/2210.png
54,Argentinos Jrs.,https://futhead.cursecdn.com/static/img/22/clubs/111019.png,CONMEBOL Libertadores,https://futhead.cursecdn.com/static/img/22/leagues/1003.png
55,Arminia Bielefeld,https://futhead.cursecdn.com/static/img/22/clubs/159.png,Bundesliga,https://futhead.cursecdn.com/static/img/22/leagues/19.png
56,Arouca,https://futhead.cursecdn.com/static/img/22/clubs/112513.png,Liga Portugal,https://futhead.cursecdn.com/static/img/22/leagues/308.png
57,Arsenal,https://futhead.cursecdn.com/static/img/22/clubs/1.png,Premier League,https://futhead.cursecdn.com/static/img/22/leagues/13.png
58,Arsenal,https://futhead.cursecdn.com/static/img/22/clubs/110394.png,CONMEBOL Sudamericana,https://futhead.cursecdn.com/static/img/22/leagues/1014.png
59,Aston Villa,https://futhead.cursecdn.com/static/img/22/clubs/2.png,Premier League,https://futhead.cursecdn.com/static/img/22/leagues/13.png
60,Athletic Club,https://futhead.cursecdn.com/static/img/22/clubs/448.png,LaLiga Santander,https://futhead.cursecdn.com/static/img/22/leagues/53.png
61,Atl. Nacional,https://futhead.cursecdn.com/static/img/22/clubs/101100.png,CONMEBOL Libertadores,https://futhead.cursecdn.com/static/img/22/leagues/1003.png
62,Atlanta United,https://futhead.cursecdn.com/static/img/22/clubs/112885.png,Major League Soccer,https://futhead.cursecdn.com/static/img/22/leagues/39.png
63,Atlas,https://futhead.cursecdn.com/static/img/22/clubs/101114.png,LIGA BBVA MX,https://futhead.cursecdn.com/static/img/22/leagues/341.png
64,Atlético Tucumán,https://futhead.cursecdn.com/static/img/22/clubs/111708.png,Liga Profesional de Fútbol,https://futhead.cursecdn.com/static/img/22/leagues/353.png
65,Atlético de Madrid,https://futhead.cursecdn.com/static/img/22/clubs/240.png,LaLiga Santander,https://futhead.cursecdn.com/static/img/22/leagues/53.png
66,Atlético de San Luis,https://futhead.cursecdn.com/static/img/22/clubs/112678.png,LIGA BBVA MX,https://futhead.cursecdn.com/static/img/22/leagues/341.png
67,Austin FC,https://futhead.cursecdn.com/static/img/22/clubs/114161.png,Major League Soccer,https://futhead.cursecdn.com/static/img/22/leagues/39.png
68,Austria Klagenfurt,https://futhead.cursecdn.com/static/img/22/clubs/1787.png,Österreichische Fußball-Bundesliga,https://futhead.cursecdn.com/static/img/22/leagues/80.png
69,Avispa Fukuoka,https://futhead.cursecdn.com/static/img/22/clubs/113186.png,Meiji Yasuda J1 League,https://futhead.cursecdn.com/static/img/22/leagues/349.png
70,B. Dortmund II,https://futhead.cursecdn.com/static/img/22/clubs/110676.png,3. Liga,https://futhead.cursecdn.com/static/img/22/leagues/2076.png
71,BK Häcken,https://futhead.cursecdn.com/static/img/22/clubs/711.png,Allsvenskan,https://futhead.cursecdn.com/static/img/22/leagues/56.png
72,BSC Young Boys,https://futhead.cursecdn.com/static/img/22/clubs/900.png,Credit Suisse Super League,https://futhead.cursecdn.com/static/img/22/leagues/189.png
73,Banfield,https://futhead.cursecdn.com/static/img/22/clubs/110404.png,Liga Profesional de Fútbol,https://futhead.cursecdn.com/static/img/22/leagues/353.png
74,Barcelona SC,https://futhead.cursecdn.com/static/img/22/clubs/110981.png,CONMEBOL Libertadores,https://futhead.cursecdn.com/static/img/22/leagues/1003.png
75,Barnsley,https://futhead.cursecdn.com/static/img/22/clubs/1932.png,EFL Championship,https://futhead.cursecdn.com/static/img/22/leagues/14.png
76,Barrow,https://futhead.cursecdn.com/static/img/22/clubs/381.png,EFL League Two,https://futhead.cursecdn.com/static/img/22/leagues/61.png
77,Başakşehir,https://futhead.cursecdn.com/static/img/22/clubs/101014.png,Süper Lig,https://futhead.cursecdn.com/static/img/22/leagues/68.png
78,Beijing Guoan,https://futhead.cursecdn.com/static/img/22/clubs/111768.png,Chinese Football Association Super League,https://futhead.cursecdn.com/static/img/22/leagues/2012.png
79,Belenenses SAD,https://futhead.cursecdn.com/static/img/22/clubs/1889.png,Liga Portugal,https://futhead.cursecdn.com/static/img/22/leagues/308.png
80,Benevento,https://futhead.cursecdn.com/static/img/22/clubs/112026.png,Calcio B,https://futhead.cursecdn.com/static/img/22/leagues/2179.png
81,Bengaluru FC,https://futhead.cursecdn.com/static/img/22/clubs/113302.png,Hero Indian Super League,https://futhead.cursecdn.com/static/img/22/leagues/2149.png
82,Bergamo Calcio,https://futhead.cursecdn.com/static/img/22/clubs/115845.png,Serie A TIM,https://futhead.cursecdn.com/static/img/22/leagues/31.png
83,Beşiktaş,https://futhead.cursecdn.com/static/img/22/clubs/327.png,Süper Lig,https://futhead.cursecdn.com/static/img/22/leagues/68.png
84,Birmingham City,https://futhead.cursecdn.com/static/img/22/clubs/88.png,EFL Championship,https://futhead.cursecdn.com/static/img/22/leagues/14.png
85,Blackburn Rovers,https://futhead.cursecdn.com/static/img/22/clubs/3.png,EFL Championship,https://futhead.cursecdn.com/static/img/22/leagues/14.png
86,Blackpool,https://futhead.cursecdn.com/static/img/22/clubs/1926.png,EFL Championship,https://futhead.cursecdn.com/static/img/22/leagues/14.png
87,Boavista FC,https://futhead.cursecdn.com/static/img/22/clubs/1898.png,Liga Portugal,https://futhead.cursecdn.com/static/img/22/leagues/308.png
88,Bohemian FC,https://futhead.cursecdn.com/static/img/22/clubs/305.png,SSE Airtricity Premier Division,https://futhead.cursecdn.com/static/img/22/leagues/65.png
89,Bologna,https://futhead.cursecdn.com/static/img/22/clubs/189.png,Serie A TIM,https://futhead.cursecdn.com/static/img/22/leagues/31.png
90,Bolton,https://futhead.cursecdn.com/static/img/22/clubs/4.png,EFL League One,https://futhead.cursecdn.com/static/img/22/leagues/60.png
91,Bolívar,https://futhead.cursecdn.com/static/img/22/clubs/110968.png,CONMEBOL Sudamericana,https://futhead.cursecdn.com/static/img/22/leagues/1014.png
92,Bordeaux,https://futhead.cursecdn.com/static/img/22/clubs/59.png,Ligue 1 Uber Eats,https://futhead.cursecdn.com/static/img/22/leagues/16.png
93,Borussia Dortmund,https://futhead.cursecdn.com/static/img/22/clubs/22.png,Bundesliga,https://futhead.cursecdn.com/static/img/22/leagues/19.png
94,Bradford City,https://futhead.cursecdn.com/static/img/22/clubs/1804.png,EFL League Two,https://futhead.cursecdn.com/static/img/22/leagues/61.png
95,Braunschweig,https://futhead.cursecdn.com/static/img/22/clubs/110500.png,3. Liga,https://futhead.cursecdn.com/static/img/22/leagues/2076.png
96,Brentford,https://futhead.cursecdn.com/static/img/22/clubs/1925.png,Premier League,https://futhead.cursecdn.com/static/img/22/leagues/13.png
97,Brighton,https://futhead.cursecdn.com/static/img/22/clubs/1808.png,Premier League,https://futhead.cursecdn.com/static/img/22/leagues/13.png
98,Brisbane Roar,https://futhead.cursecdn.com/static/img/22/clubs/111395.png,A-League,https://futhead.cursecdn.com/static/img/22/leagues/351.png
99,Bristol City,https://futhead.cursecdn.com/static/img/22/clubs/1919.png,EFL Championship,https://futhead.cursecdn.com/static/img/22/leagues/14.png
100,Bristol Rovers,https://futhead.cursecdn.com/static/img/22/clubs/1962.png,EFL League Two,https://futhead.cursecdn.com/static/img/22/leagues/61.png
101,Bruk-Bet,https://futhead.cursecdn.com/static/img/22/clubs/112510.png,PKO Bank Polski Ekstraklasa,https://futhead.cursecdn.com/static/img/22/leagues/66.png
102,Brøndby IF,https://futhead.cursecdn.com/static/img/22/clubs/269.png,3F Superliga,https://futhead.cursecdn.com/static/img/22/leagues/1.png
103,Burgos CF,https://futhead.cursecdn.com/static/img/22/clubs/10846.png,LaLiga SmartBank,https://futhead.cursecdn.com/static/img/22/leagues/54.png
104,Burnley,https://futhead.cursecdn.com/static/img/22/clubs/1796.png,Premier League,https://futhead.cursecdn.com/static/img/22/leagues/13.png
105,Burton Albion,https://futhead.cursecdn.com/static/img/22/clubs/15015.png,EFL League One,https://futhead.cursecdn.com/static/img/22/leagues/60.png
106,CA Osasuna,https://futhead.cursecdn.com/static/img/22/clubs/479.png,LaLiga Santander,https://futhead.cursecdn.com/static/img/22/leagues/53.png
107,CD Leganés,https://futhead.cursecdn.com/static/img/22/clubs/100888.png,LaLiga SmartBank,https://futhead.cursecdn.com/static/img/22/leagues/54.png
108,CD Lugo,https://futhead.cursecdn.com/static/img/22/clubs/110831.png,LaLiga SmartBank,https://futhead.cursecdn.com/static/img/22/leagues/54.png
109,CD Mirandés,https://futhead.cursecdn.com/static/img/22/clubs/110069.png,LaLiga SmartBank,https://futhead.cursecdn.com/static/img/22/leagues/54.png
110,CD Tenerife,https://futhead.cursecdn.com/static/img/22/clubs/260.png,LaLiga SmartBank,https://futhead.cursecdn.com/static/img/22/leagues/54.png
111,CD Tondela,https://futhead.cursecdn.com/static/img/22/clubs/112516.png,Liga Portugal,https://futhead.cursecdn.com/static/img/22/leagues/308.png
112,CF Fuenlabrada,https://futhead.cursecdn.com/static/img/22/clubs/110065.png,LaLiga SmartBank,https://futhead.cursecdn.com/static/img/22/leagues/54.png
113,CF Monterrey,https://futhead.cursecdn.com/static/img/22/clubs/1032.png,LIGA BBVA MX,https://futhead.cursecdn.com/static/img/22/leagues/341.png
114,CF Montréal,https://futhead.cursecdn.com/static/img/22/clubs/111139.png,Major League Soccer,https://futhead.cursecdn.com/static/img/22/leagues/39.png
115,CFR Cluj,https://futhead.cursecdn.com/static/img/22/clubs/114385.png,Liga I,https://futhead.cursecdn.com/static/img/22/leagues/330.png
116,CS Mioveni,https://futhead.cursecdn.com/static/img/22/clubs/113380.png,Liga I,https://futhead.cursecdn.com/static/img/22/leagues/330.png
117,CSKA Moscow,https://futhead.cursecdn.com/static/img/22/clubs/315.png,League of Russia,https://futhead.cursecdn.com/static/img/22/leagues/3006.png
118,Cagliari,https://futhead.cursecdn.com/static/img/22/clubs/1842.png,Serie A TIM,https://futhead.cursecdn.com/static/img/22/leagues/31.png
119,Cambridge Utd,https://futhead.cursecdn.com/static/img/22/clubs/1944.png,EFL League One,https://futhead.cursecdn.com/static/img/22/leagues/60.png
120,Cangzhou Lions,https://futhead.cursecdn.com/static/img/22/clubs/112985.png,Chinese Football Association Super League,https://futhead.cursecdn.com/static/img/22/leagues/2012.png
121,Cardiff City,https://futhead.cursecdn.com/static/img/22/clubs/1961.png,EFL Championship,https://futhead.cursecdn.com/static/img/22/leagues/14.png
122,Carlisle United,https://futhead.cursecdn.com/static/img/22/clubs/1480.png,EFL League Two,https://futhead.cursecdn.com/static/img/22/leagues/61.png
123,Celtic,https://futhead.cursecdn.com/static/img/22/clubs/78.png,cinch Premiership,https://futhead.cursecdn.com/static/img/22/leagues/50.png
124,Central Coast,https://futhead.cursecdn.com/static/img/22/clubs/111396.png,A-League,https://futhead.cursecdn.com/static/img/22/leagues/351.png
125,Central Córdoba,https://futhead.cursecdn.com/static/img/22/clubs/112965.png,Liga Profesional de Fútbol,https://futhead.cursecdn.com/static/img/22/leagues/353.png
126,Cercle Brugge,https://futhead.cursecdn.com/static/img/22/clubs/1750.png,1A Pro League,https://futhead.cursecdn.com/static/img/22/leagues/4.png
127,Cerezo Osaka,https://futhead.cursecdn.com/static/img/22/clubs/101148.png,Meiji Yasuda J1 League,https://futhead.cursecdn.com/static/img/22/leagues/349.png
128,Changchun Yatai,https://futhead.cursecdn.com/static/img/22/clubs/111769.png,Chinese Football Association Super League,https://futhead.cursecdn.com/static/img/22/leagues/2012.png
129,Charlton Ath,https://futhead.cursecdn.com/static/img/22/clubs/89.png,EFL League One,https://futhead.cursecdn.com/static/img/22/leagues/60.png
130,Chelsea,https://futhead.cursecdn.com/static/img/22/clubs/5.png,Premier League,https://futhead.cursecdn.com/static/img/22/leagues/13.png
131,Cheltenham Town,https://futhead.cursecdn.com/static/img/22/clubs/1936.png,EFL League One,https://futhead.cursecdn.com/static/img/22/leagues/60.png
132,Chennaiyin FC,https://futhead.cursecdn.com/static/img/22/clubs/113297.png,Hero Indian Super League,https://futhead.cursecdn.com/static/img/22/leagues/2149.png
133,Chicago Fire FC,https://futhead.cursecdn.com/static/img/22/clubs/693.png,Major League Soccer,https://futhead.cursecdn.com/static/img/22/leagues/39.png
134,Chongqing LJ Ath,https://futhead.cursecdn.com/static/img/22/clubs/112165.png,Chinese Football Association Super League,https://futhead.cursecdn.com/static/img/22/leagues/2012.png
135,Clermont Foot 63,https://futhead.cursecdn.com/static/img/22/clubs/1815.png,Ligue 1 Uber Eats,https://futhead.cursecdn.com/static/img/22/leagues/16.png
136,Club Brugge,https://futhead.cursecdn.com/static/img/22/clubs/231.png,1A Pro League,https://futhead.cursecdn.com/static/img/22/leagues/4.png
137,Colchester,https://futhead.cursecdn.com/static/img/22/clubs/1935.png,EFL League Two,https://futhead.cursecdn.com/static/img/22/leagues/61.png
138,Colorado Rapids,https://futhead.cursecdn.com/static/img/22/clubs/694.png,Major League Soccer,https://futhead.cursecdn.com/static/img/22/leagues/39.png
139,Columbus Crew,https://futhead.cursecdn.com/static/img/22/clubs/687.png,Major League Soccer,https://futhead.cursecdn.com/static/img/22/leagues/39.png
140,Colón,https://futhead.cursecdn.com/static/img/22/clubs/110406.png,Liga Profesional de Fútbol,https://futhead.cursecdn.com/static/img/22/leagues/353.png
141,Coventry City,https://futhead.cursecdn.com/static/img/22/clubs/1800.png,EFL Championship,https://futhead.cursecdn.com/static/img/22/leagues/14.png
142,Cracovia,https://futhead.cursecdn.com/static/img/22/clubs/110747.png,PKO Bank Polski Ekstraklasa,https://futhead.cursecdn.com/static/img/22/leagues/66.png
143,Crawley Town,https://futhead.cursecdn.com/static/img/22/clubs/110890.png,EFL League Two,https://futhead.cursecdn.com/static/img/22/leagues/61.png
144,Crewe Alexandra,https://futhead.cursecdn.com/static/img/22/clubs/121.png,EFL League One,https://futhead.cursecdn.com/static/img/22/leagues/60.png
145,Crotone,https://futhead.cursecdn.com/static/img/22/clubs/110734.png,Calcio B,https://futhead.cursecdn.com/static/img/22/leagues/2179.png
146,Cruz Azul,https://futhead.cursecdn.com/static/img/22/clubs/1878.png,LIGA BBVA MX,https://futhead.cursecdn.com/static/img/22/leagues/341.png
147,Crystal Palace,https://futhead.cursecdn.com/static/img/22/clubs/1799.png,Premier League,https://futhead.cursecdn.com/static/img/22/leagues/13.png
148,Cádiz CF,https://futhead.cursecdn.com/static/img/22/clubs/1968.png,LaLiga Santander,https://futhead.cursecdn.com/static/img/22/leagues/53.png
149,D. Alavés,https://futhead.cursecdn.com/static/img/22/clubs/463.png,LaLiga Santander,https://futhead.cursecdn.com/static/img/22/leagues/53.png
150,D.C. United,https://futhead.cursecdn.com/static/img/22/clubs/688.png,Major League Soccer,https://futhead.cursecdn.com/static/img/22/leagues/39.png
151,Daegu FC,https://futhead.cursecdn.com/static/img/22/clubs/2056.png,K League 1,https://futhead.cursecdn.com/static/img/22/leagues/83.png
152,Dalian Pro,https://futhead.cursecdn.com/static/img/22/clubs/112378.png,Chinese Football Association Super League,https://futhead.cursecdn.com/static/img/22/leagues/2012.png
153,Damac FC,https://futhead.cursecdn.com/static/img/22/clubs/113217.png,MBS Pro League,https://futhead.cursecdn.com/static/img/22/leagues/350.png
154,Defensa,https://futhead.cursecdn.com/static/img/22/clubs/111710.png,CONMEBOL Libertadores,https://futhead.cursecdn.com/static/img/22/leagues/1003.png
155,Degerfors IF,https://futhead.cursecdn.com/static/img/22/clubs/113892.png,Allsvenskan,https://futhead.cursecdn.com/static/img/22/leagues/56.png
156,Derby County,https://futhead.cursecdn.com/static/img/22/clubs/91.png,EFL Championship,https://futhead.cursecdn.com/static/img/22/leagues/14.png
157,Derry City,https://futhead.cursecdn.com/static/img/22/clubs/445.png,SSE Airtricity Premier Division,https://futhead.cursecdn.com/static/img/22/leagues/65.png
158,Dijon FCO,https://futhead.cursecdn.com/static/img/22/clubs/110569.png,Ligue 2 BKT,https://futhead.cursecdn.com/static/img/22/leagues/17.png
159,Dinamo Zagreb,https://futhead.cursecdn.com/static/img/22/clubs/211.png,Liga Hrvatska,https://futhead.cursecdn.com/static/img/22/leagues/317.png
160,Djurgårdens IF,https://futhead.cursecdn.com/static/img/22/clubs/710.png,Allsvenskan,https://futhead.cursecdn.com/static/img/22/leagues/56.png
161,Doncaster,https://futhead.cursecdn.com/static/img/22/clubs/142.png,EFL League One,https://futhead.cursecdn.com/static/img/22/leagues/60.png
162,Drogheda United,https://futhead.cursecdn.com/static/img/22/clubs/1572.png,SSE Airtricity Premier Division,https://futhead.cursecdn.com/static/img/22/leagues/65.png
163,Dundalk,https://futhead.cursecdn.com/static/img/22/clubs/837.png,SSE Airtricity Premier Division,https://futhead.cursecdn.com/static/img/22/leagues/65.png
164,Dundee FC,https://futhead.cursecdn.com/static/img/22/clubs/180.png,cinch Premiership,https://futhead.cursecdn.com/static/img/22/leagues/50.png
165,Dundee United,https://futhead.cursecdn.com/static/img/22/clubs/181.png,cinch Premiership,https://futhead.cursecdn.com/static/img/22/leagues/50.png
166,Dynamo Dresden,https://futhead.cursecdn.com/static/img/22/clubs/503.png,Bundesliga 2,https://futhead.cursecdn.com/static/img/22/leagues/20.png
167,Dynamo Kyiv,https://futhead.cursecdn.com/static/img/22/clubs/101047.png,Ukrayina Liha,https://futhead.cursecdn.com/static/img/22/leagues/332.png
168,Düsseldorf,https://futhead.cursecdn.com/static/img/22/clubs/110636.png,Bundesliga 2,https://futhead.cursecdn.com/static/img/22/leagues/20.png
169,ESTAC Troyes,https://futhead.cursecdn.com/static/img/22/clubs/294.png,Ligue 1 Uber Eats,https://futhead.cursecdn.com/static/img/22/leagues/16.png
170,Elche CF,https://futhead.cursecdn.com/static/img/22/clubs/468.png,LaLiga Santander,https://futhead.cursecdn.com/static/img/22/leagues/53.png
171,Empoli,https://futhead.cursecdn.com/static/img/22/clubs/1746.png,Serie A TIM,https://futhead.cursecdn.com/static/img/22/leagues/31.png
172,En Avant Guingamp,https://futhead.cursecdn.com/static/img/22/clubs/62.png,Ligue 2 BKT,https://futhead.cursecdn.com/static/img/22/leagues/17.png
173,Estoril Praia,https://futhead.cursecdn.com/static/img/22/clubs/10020.png,Liga Portugal,https://futhead.cursecdn.com/static/img/22/leagues/308.png
174,Estudiantes,https://futhead.cursecdn.com/static/img/22/clubs/101083.png,Liga Profesional de Fútbol,https://futhead.cursecdn.com/static/img/22/leagues/353.png
175,Ettifaq FC,https://futhead.cursecdn.com/static/img/22/clubs/112096.png,MBS Pro League,https://futhead.cursecdn.com/static/img/22/leagues/350.png
176,Everton,https://futhead.cursecdn.com/static/img/22/clubs/7.png,Premier League,https://futhead.cursecdn.com/static/img/22/leagues/13.png
177,Exeter City,https://futhead.cursecdn.com/static/img/22/clubs/143.png,EFL League Two,https://futhead.cursecdn.com/static/img/22/leagues/61.png
178,F.C. København,https://futhead.cursecdn.com/static/img/22/clubs/819.png,3F Superliga,https://futhead.cursecdn.com/static/img/22/leagues/1.png
179,F.C. Tokyo,https://futhead.cursecdn.com/static/img/22/clubs/101150.png,Meiji Yasuda J1 League,https://futhead.cursecdn.com/static/img/22/leagues/349.png
180,FC Argeș,https://futhead.cursecdn.com/static/img/22/clubs/100759.png,Liga I,https://futhead.cursecdn.com/static/img/22/leagues/330.png
181,FC Augsburg,https://futhead.cursecdn.com/static/img/22/clubs/100409.png,Bundesliga,https://futhead.cursecdn.com/static/img/22/leagues/19.png
182,FC Barcelona,https://futhead.cursecdn.com/static/img/22/clubs/241.png,LaLiga Santander,https://futhead.cursecdn.com/static/img/22/leagues/53.png
183,FC Basel 1893,https://futhead.cursecdn.com/static/img/22/clubs/896.png,Credit Suisse Super League,https://futhead.cursecdn.com/static/img/22/leagues/189.png
184,FC Bayern München,https://futhead.cursecdn.com/static/img/22/clubs/21.png,Bundesliga,https://futhead.cursecdn.com/static/img/22/leagues/19.png
185,FC Botoșani,https://futhead.cursecdn.com/static/img/22/clubs/110752.png,Liga I,https://futhead.cursecdn.com/static/img/22/leagues/330.png
186,FC Cartagena,https://futhead.cursecdn.com/static/img/22/clubs/100851.png,LaLiga SmartBank,https://futhead.cursecdn.com/static/img/22/leagues/54.png
187,FC Cincinnati,https://futhead.cursecdn.com/static/img/22/clubs/113149.png,Major League Soccer,https://futhead.cursecdn.com/static/img/22/leagues/39.png
188,FC Dallas,https://futhead.cursecdn.com/static/img/22/clubs/695.png,Major League Soccer,https://futhead.cursecdn.com/static/img/22/leagues/39.png
189,FC Dinamo 1948,https://futhead.cursecdn.com/static/img/22/clubs/100757.png,Liga I,https://futhead.cursecdn.com/static/img/22/leagues/330.png
190,FC Erzgebirge Aue,https://futhead.cursecdn.com/static/img/22/clubs/506.png,Bundesliga 2,https://futhead.cursecdn.com/static/img/22/leagues/20.png
191,FC Famalicão,https://futhead.cursecdn.com/static/img/22/clubs/112809.png,Liga Portugal,https://futhead.cursecdn.com/static/img/22/leagues/308.png
192,FC Goa,https://futhead.cursecdn.com/static/img/22/clubs/113298.png,Hero Indian Super League,https://futhead.cursecdn.com/static/img/22/leagues/2149.png
193,FC Groningen,https://futhead.cursecdn.com/static/img/22/clubs/1915.png,Eredivisie,https://futhead.cursecdn.com/static/img/22/leagues/10.png
194,FC Ingolstadt 04,https://futhead.cursecdn.com/static/img/22/clubs/111239.png,Bundesliga 2,https://futhead.cursecdn.com/static/img/22/leagues/20.png
195,FC Juárez,https://futhead.cursecdn.com/static/img/22/clubs/113134.png,LIGA BBVA MX,https://futhead.cursecdn.com/static/img/22/leagues/341.png
196,FC Lorient,https://futhead.cursecdn.com/static/img/22/clubs/217.png,Ligue 1 Uber Eats,https://futhead.cursecdn.com/static/img/22/leagues/16.png
197,FC Lugano,https://futhead.cursecdn.com/static/img/22/clubs/10032.png,Credit Suisse Super League,https://futhead.cursecdn.com/static/img/22/leagues/189.png
198,FC Luzern,https://futhead.cursecdn.com/static/img/22/clubs/897.png,Credit Suisse Super League,https://futhead.cursecdn.com/static/img/22/leagues/189.png
199,FC Metz,https://futhead.cursecdn.com/static/img/22/clubs/68.png,Ligue 1 Uber Eats,https://futhead.cursecdn.com/static/img/22/leagues/16.png
200,FC Midtjylland,https://futhead.cursecdn.com/static/img/22/clubs/1516.png,3F Superliga,https://futhead.cursecdn.com/static/img/22/leagues/1.png
201,FC Nantes,https://futhead.cursecdn.com/static/img/22/clubs/71.png,Ligue 1 Uber Eats,https://futhead.cursecdn.com/static/img/22/leagues/16.png
202,FC Nordsjælland,https://futhead.cursecdn.com/static/img/22/clubs/1788.png,3F Superliga,https://futhead.cursecdn.com/static/img/22/leagues/1.png
203,FC Porto,https://futhead.cursecdn.com/static/img/22/clubs/236.png,Liga Portugal,https://futhead.cursecdn.com/static/img/22/leagues/308.png
204,FC Rapid,https://futhead.cursecdn.com/static/img/22/clubs/310.png,Liga I,https://futhead.cursecdn.com/static/img/22/leagues/330.png
205,FC Schalke 04,https://futhead.cursecdn.com/static/img/22/clubs/34.png,Bundesliga 2,https://futhead.cursecdn.com/static/img/22/leagues/20.png
206,FC Seoul,https://futhead.cursecdn.com/static/img/22/clubs/982.png,K League 1,https://futhead.cursecdn.com/static/img/22/leagues/83.png
207,FC Sion,https://futhead.cursecdn.com/static/img/22/clubs/110770.png,Credit Suisse Super League,https://futhead.cursecdn.com/static/img/22/leagues/189.png
208,FC St. Gallen,https://futhead.cursecdn.com/static/img/22/clubs/898.png,Credit Suisse Super League,https://futhead.cursecdn.com/static/img/22/leagues/189.png
209,FC St. Pauli,https://futhead.cursecdn.com/static/img/22/clubs/110329.png,Bundesliga 2,https://futhead.cursecdn.com/static/img/22/leagues/20.png
210,FC Twente,https://futhead.cursecdn.com/static/img/22/clubs/1908.png,Eredivisie,https://futhead.cursecdn.com/static/img/22/leagues/10.png
211,FC U Craiova,https://futhead.cursecdn.com/static/img/22/clubs/115716.png,Liga I,https://futhead.cursecdn.com/static/img/22/leagues/330.png
212,FC Utrecht,https://futhead.cursecdn.com/static/img/22/clubs/1903.png,Eredivisie,https://futhead.cursecdn.com/static/img/22/leagues/10.png
213,FC Vizela,https://futhead.cursecdn.com/static/img/22/clubs/111539.png,Liga Portugal,https://futhead.cursecdn.com/static/img/22/leagues/308.png
214,FC Voluntari,https://futhead.cursecdn.com/static/img/22/clubs/113182.png,Liga I,https://futhead.cursecdn.com/static/img/22/leagues/330.png
215,FC Zürich,https://futhead.cursecdn.com/static/img/22/clubs/894.png,Credit Suisse Super League,https://futhead.cursecdn.com/static/img/22/leagues/189.png
216,FCSB,https://futhead.cursecdn.com/static/img/22/clubs/100761.png,Liga I,https://futhead.cursecdn.com/static/img/22/leagues/330.png
217,FCSM,https://futhead.cursecdn.com/static/img/22/clubs/226.png,Ligue 2 BKT,https://futhead.cursecdn.com/static/img/22/leagues/17.png
218,FK Austria Wien,https://futhead.cursecdn.com/static/img/22/clubs/256.png,Österreichische Fußball-Bundesliga,https://futhead.cursecdn.com/static/img/22/leagues/80.png
219,FK Bodø/Glimt,https://futhead.cursecdn.com/static/img/22/clubs/918.png,Eliteserien,https://futhead.cursecdn.com/static/img/22/leagues/41.png
220,FK Haugesund,https://futhead.cursecdn.com/static/img/22/clubs/1463.png,Eliteserien,https://futhead.cursecdn.com/static/img/22/leagues/41.png
221,FSV Zwickau,https://futhead.cursecdn.com/static/img/22/clubs/110592.png,3. Liga,https://futhead.cursecdn.com/static/img/22/leagues/2076.png
222,Farul Constanța,https://futhead.cursecdn.com/static/img/22/clubs/110075.png,Liga I,https://futhead.cursecdn.com/static/img/22/leagues/330.png
223,Fenerbahçe,https://futhead.cursecdn.com/static/img/22/clubs/326.png,Süper Lig,https://futhead.cursecdn.com/static/img/22/leagues/68.png
224,Ferencvárosi TC,https://futhead.cursecdn.com/static/img/22/clubs/1874.png,Magyar Liga,https://futhead.cursecdn.com/static/img/22/leagues/2211.png
225,Feyenoord,https://futhead.cursecdn.com/static/img/22/clubs/246.png,Eredivisie,https://futhead.cursecdn.com/static/img/22/leagues/10.png
226,Finn Harps,https://futhead.cursecdn.com/static/img/22/clubs/111131.png,SSE Airtricity Premier Division,https://futhead.cursecdn.com/static/img/22/leagues/65.png
227,Fiorentina,https://futhead.cursecdn.com/static/img/22/clubs/110374.png,Serie A TIM,https://futhead.cursecdn.com/static/img/22/leagues/31.png
228,Fleetwood Town,https://futhead.cursecdn.com/static/img/22/clubs/112260.png,EFL League One,https://futhead.cursecdn.com/static/img/22/leagues/60.png
229,Forest Green,https://futhead.cursecdn.com/static/img/22/clubs/561.png,EFL League Two,https://futhead.cursecdn.com/static/img/22/leagues/61.png
230,Fortuna Sittard,https://futhead.cursecdn.com/static/img/22/clubs/634.png,Eredivisie,https://futhead.cursecdn.com/static/img/22/leagues/10.png
231,Frankfurt,https://futhead.cursecdn.com/static/img/22/clubs/1824.png,Bundesliga,https://futhead.cursecdn.com/static/img/22/leagues/19.png
232,Fulham,https://futhead.cursecdn.com/static/img/22/clubs/144.png,EFL Championship,https://futhead.cursecdn.com/static/img/22/leagues/14.png
233,Fürth,https://futhead.cursecdn.com/static/img/22/clubs/165.png,Bundesliga,https://futhead.cursecdn.com/static/img/22/leagues/19.png
234,Galatasaray,https://futhead.cursecdn.com/static/img/22/clubs/325.png,Süper Lig,https://futhead.cursecdn.com/static/img/22/leagues/68.png
235,Gamba Osaka,https://futhead.cursecdn.com/static/img/22/clubs/112093.png,Meiji Yasuda J1 League,https://futhead.cursecdn.com/static/img/22/leagues/349.png
236,Gangwon FC,https://futhead.cursecdn.com/static/img/22/clubs/112115.png,K League 1,https://futhead.cursecdn.com/static/img/22/leagues/83.png
237,Gaz Metan,https://futhead.cursecdn.com/static/img/22/clubs/112637.png,Liga I,https://futhead.cursecdn.com/static/img/22/leagues/330.png
238,Gaziantep,https://futhead.cursecdn.com/static/img/22/clubs/110776.png,Süper Lig,https://futhead.cursecdn.com/static/img/22/leagues/68.png
239,Genoa,https://futhead.cursecdn.com/static/img/22/clubs/110556.png,Serie A TIM,https://futhead.cursecdn.com/static/img/22/leagues/31.png
240,Getafe CF,https://futhead.cursecdn.com/static/img/22/clubs/1860.png,LaLiga Santander,https://futhead.cursecdn.com/static/img/22/leagues/53.png
241,Gil Vicente,https://futhead.cursecdn.com/static/img/22/clubs/1888.png,Liga Portugal,https://futhead.cursecdn.com/static/img/22/leagues/308.png
242,Gillingham,https://futhead.cursecdn.com/static/img/22/clubs/1802.png,EFL League One,https://futhead.cursecdn.com/static/img/22/leagues/60.png
243,Gimnasia,https://futhead.cursecdn.com/static/img/22/clubs/101084.png,Liga Profesional de Fútbol,https://futhead.cursecdn.com/static/img/22/leagues/353.png
244,Giresunspor,https://futhead.cursecdn.com/static/img/22/clubs/112120.png,Süper Lig,https://futhead.cursecdn.com/static/img/22/leagues/68.png
245,Girona FC,https://futhead.cursecdn.com/static/img/22/clubs/110062.png,LaLiga SmartBank,https://futhead.cursecdn.com/static/img/22/leagues/54.png
246,Go Ahead Eagles,https://futhead.cursecdn.com/static/img/22/clubs/100632.png,Eredivisie,https://futhead.cursecdn.com/static/img/22/leagues/10.png
247,Godoy Cruz,https://futhead.cursecdn.com/static/img/22/clubs/111706.png,Liga Profesional de Fútbol,https://futhead.cursecdn.com/static/img/22/leagues/353.png
248,Granada CF,https://futhead.cursecdn.com/static/img/22/clubs/110832.png,LaLiga Santander,https://futhead.cursecdn.com/static/img/22/leagues/53.png
249,Grasshopper Club,https://futhead.cursecdn.com/static/img/22/clubs/322.png,Credit Suisse Super League,https://futhead.cursecdn.com/static/img/22/leagues/189.png
250,Grenoble Foot 38,https://futhead.cursecdn.com/static/img/22/clubs/1805.png,Ligue 2 BKT,https://futhead.cursecdn.com/static/img/22/leagues/17.png
251,Guadalajara,https://futhead.cursecdn.com/static/img/22/clubs/1880.png,LIGA BBVA MX,https://futhead.cursecdn.com/static/img/22/leagues/341.png
252,Guangzhou City,https://futhead.cursecdn.com/static/img/22/clubs/112429.png,Chinese Football Association Super League,https://futhead.cursecdn.com/static/img/22/leagues/2012.png
253,Guangzhou FC,https://futhead.cursecdn.com/static/img/22/clubs/111839.png,Chinese Football Association Super League,https://futhead.cursecdn.com/static/img/22/leagues/2012.png
254,GwangJu FC,https://futhead.cursecdn.com/static/img/22/clubs/112258.png,K League 1,https://futhead.cursecdn.com/static/img/22/leagues/83.png
255,Górnik Zabrze,https://futhead.cursecdn.com/static/img/22/clubs/420.png,PKO Bank Polski Ekstraklasa,https://futhead.cursecdn.com/static/img/22/leagues/66.png
256,Górnik Łęczna,https://futhead.cursecdn.com/static/img/22/clubs/110565.png,PKO Bank Polski Ekstraklasa,https://futhead.cursecdn.com/static/img/22/leagues/66.png
257,Göztepe,https://futhead.cursecdn.com/static/img/22/clubs/101026.png,Süper Lig,https://futhead.cursecdn.com/static/img/22/leagues/68.png
258,H.Consa.Sapporo,https://futhead.cursecdn.com/static/img/22/clubs/112444.png,Meiji Yasuda J1 League,https://futhead.cursecdn.com/static/img/22/leagues/349.png
259,HJK Helsinki,https://futhead.cursecdn.com/static/img/22/clubs/100325.png,Finnliiga,https://futhead.cursecdn.com/static/img/22/leagues/322.png
260,Hajduk Split,https://futhead.cursecdn.com/static/img/22/clubs/263.png,Liga Hrvatska,https://futhead.cursecdn.com/static/img/22/leagues/317.png
261,Hallescher FC,https://futhead.cursecdn.com/static/img/22/clubs/110482.png,3. Liga,https://futhead.cursecdn.com/static/img/22/leagues/2076.png
262,Halmstads BK,https://futhead.cursecdn.com/static/img/22/clubs/321.png,Allsvenskan,https://futhead.cursecdn.com/static/img/22/leagues/56.png
263,Hamburger SV,https://futhead.cursecdn.com/static/img/22/clubs/28.png,Bundesliga 2,https://futhead.cursecdn.com/static/img/22/leagues/20.png
264,Hammarby IF,https://futhead.cursecdn.com/static/img/22/clubs/708.png,Allsvenskan,https://futhead.cursecdn.com/static/img/22/leagues/56.png
265,Hannover 96,https://futhead.cursecdn.com/static/img/22/clubs/485.png,Bundesliga 2,https://futhead.cursecdn.com/static/img/22/leagues/20.png
266,Harrogate Town,https://futhead.cursecdn.com/static/img/22/clubs/112222.png,EFL League Two,https://futhead.cursecdn.com/static/img/22/leagues/61.png
267,Hartlepool,https://futhead.cursecdn.com/static/img/22/clubs/1941.png,EFL League Two,https://futhead.cursecdn.com/static/img/22/leagues/61.png
268,Hatayspor,https://futhead.cursecdn.com/static/img/22/clubs/101028.png,Süper Lig,https://futhead.cursecdn.com/static/img/22/leagues/68.png
269,Havre AC,https://futhead.cursecdn.com/static/img/22/clubs/1738.png,Ligue 2 BKT,https://futhead.cursecdn.com/static/img/22/leagues/17.png
270,Hearts,https://futhead.cursecdn.com/static/img/22/clubs/80.png,cinch Premiership,https://futhead.cursecdn.com/static/img/22/leagues/50.png
271,Hebei FC,https://futhead.cursecdn.com/static/img/22/clubs/112978.png,Chinese Football Association Super League,https://futhead.cursecdn.com/static/img/22/leagues/2012.png
272,Heidenheim,https://futhead.cursecdn.com/static/img/22/clubs/111235.png,Bundesliga 2,https://futhead.cursecdn.com/static/img/22/leagues/20.png
273,Hellas Verona,https://futhead.cursecdn.com/static/img/22/clubs/206.png,Serie A TIM,https://futhead.cursecdn.com/static/img/22/leagues/31.png
274,Henan Songshan,https://futhead.cursecdn.com/static/img/22/clubs/111779.png,Chinese Football Association Super League,https://futhead.cursecdn.com/static/img/22/leagues/2012.png
275,Heracles Almelo,https://futhead.cursecdn.com/static/img/22/clubs/100634.png,Eredivisie,https://futhead.cursecdn.com/static/img/22/leagues/10.png
276,Hertha Berlin,https://futhead.cursecdn.com/static/img/22/clubs/166.png,Bundesliga,https://futhead.cursecdn.com/static/img/22/leagues/19.png
277,Hibernian,https://futhead.cursecdn.com/static/img/22/clubs/81.png,cinch Premiership,https://futhead.cursecdn.com/static/img/22/leagues/50.png
278,Holstein Kiel,https://futhead.cursecdn.com/static/img/22/clubs/576.png,Bundesliga 2,https://futhead.cursecdn.com/static/img/22/leagues/20.png
279,Houston Dynamo,https://futhead.cursecdn.com/static/img/22/clubs/698.png,Major League Soccer,https://futhead.cursecdn.com/static/img/22/leagues/39.png
280,Huddersfield,https://futhead.cursecdn.com/static/img/22/clubs/1939.png,EFL Championship,https://futhead.cursecdn.com/static/img/22/leagues/14.png
281,Hull City,https://futhead.cursecdn.com/static/img/22/clubs/1952.png,EFL Championship,https://futhead.cursecdn.com/static/img/22/leagues/14.png
282,Huracán,https://futhead.cursecdn.com/static/img/22/clubs/111711.png,CONMEBOL Sudamericana,https://futhead.cursecdn.com/static/img/22/leagues/1014.png
283,Hyderabad FC,https://futhead.cursecdn.com/static/img/22/clubs/113301.png,Hero Indian Super League,https://futhead.cursecdn.com/static/img/22/leagues/2149.png
284,IF Elfsborg,https://futhead.cursecdn.com/static/img/22/clubs/700.png,Allsvenskan,https://futhead.cursecdn.com/static/img/22/leagues/56.png
285,IFK Göteborg,https://futhead.cursecdn.com/static/img/22/clubs/319.png,Allsvenskan,https://futhead.cursecdn.com/static/img/22/leagues/56.png
286,IFK Norrköping,https://futhead.cursecdn.com/static/img/22/clubs/702.png,Allsvenskan,https://futhead.cursecdn.com/static/img/22/leagues/56.png
287,IK Sirius,https://futhead.cursecdn.com/static/img/22/clubs/113458.png,Allsvenskan,https://futhead.cursecdn.com/static/img/22/leagues/56.png
288,Incheon United,https://futhead.cursecdn.com/static/img/22/clubs/110765.png,K League 1,https://futhead.cursecdn.com/static/img/22/leagues/83.png
289,Inter,https://futhead.cursecdn.com/static/img/22/clubs/44.png,Serie A TIM,https://futhead.cursecdn.com/static/img/22/leagues/31.png
290,Inter Miami CF,https://futhead.cursecdn.com/static/img/22/clubs/112893.png,Major League Soccer,https://futhead.cursecdn.com/static/img/22/leagues/39.png
291,Ipswich,https://futhead.cursecdn.com/static/img/22/clubs/94.png,EFL League One,https://futhead.cursecdn.com/static/img/22/leagues/60.png
292,Jagiellonia,https://futhead.cursecdn.com/static/img/22/clubs/110745.png,PKO Bank Polski Ekstraklasa,https://futhead.cursecdn.com/static/img/22/leagues/66.png
293,Jamshedpur FC,https://futhead.cursecdn.com/static/img/22/clubs/114168.png,Hero Indian Super League,https://futhead.cursecdn.com/static/img/22/leagues/2149.png
294,Jeju United,https://futhead.cursecdn.com/static/img/22/clubs/1478.png,K League 1,https://futhead.cursecdn.com/static/img/22/leagues/83.png
295,Jeonbuk Hyundai,https://futhead.cursecdn.com/static/img/22/clubs/1477.png,K League 1,https://futhead.cursecdn.com/static/img/22/leagues/83.png
296,K Beerschot VA,https://futhead.cursecdn.com/static/img/22/clubs/675.png,1A Pro League,https://futhead.cursecdn.com/static/img/22/leagues/4.png
297,KAA Gent,https://futhead.cursecdn.com/static/img/22/clubs/674.png,1A Pro League,https://futhead.cursecdn.com/static/img/22/leagues/4.png
298,KAS Eupen,https://futhead.cursecdn.com/static/img/22/clubs/2013.png,1A Pro League,https://futhead.cursecdn.com/static/img/22/leagues/4.png
299,KRC Genk,https://futhead.cursecdn.com/static/img/22/clubs/673.png,1A Pro League,https://futhead.cursecdn.com/static/img/22/leagues/4.png
300,KV Kortrijk,https://futhead.cursecdn.com/static/img/22/clubs/100081.png,1A Pro League,https://futhead.cursecdn.com/static/img/22/leagues/4.png
301,KV Mechelen,https://futhead.cursecdn.com/static/img/22/clubs/110724.png,1A Pro League,https://futhead.cursecdn.com/static/img/22/leagues/4.png
302,KV Oostende,https://futhead.cursecdn.com/static/img/22/clubs/682.png,1A Pro League,https://futhead.cursecdn.com/static/img/22/leagues/4.png
303,Kaiserslautern,https://futhead.cursecdn.com/static/img/22/clubs/29.png,3. Liga,https://futhead.cursecdn.com/static/img/22/leagues/2076.png
304,Kaizer Chiefs,https://futhead.cursecdn.com/static/img/22/clubs/110929.png,South African FL,https://futhead.cursecdn.com/static/img/22/leagues/347.png
305,Kalmar FF,https://futhead.cursecdn.com/static/img/22/clubs/1439.png,Allsvenskan,https://futhead.cursecdn.com/static/img/22/leagues/56.png
306,Karagümrük SK,https://futhead.cursecdn.com/static/img/22/clubs/111117.png,Süper Lig,https://futhead.cursecdn.com/static/img/22/leagues/68.png
307,Karlsruher SC,https://futhead.cursecdn.com/static/img/22/clubs/1832.png,Bundesliga 2,https://futhead.cursecdn.com/static/img/22/leagues/20.png
308,Kashima Antlers,https://futhead.cursecdn.com/static/img/22/clubs/101147.png,Meiji Yasuda J1 League,https://futhead.cursecdn.com/static/img/22/leagues/349.png
309,Kashiwa Reysol,https://futhead.cursecdn.com/static/img/22/clubs/101145.png,Meiji Yasuda J1 League,https://futhead.cursecdn.com/static/img/22/leagues/349.png
310,Kasımpaşa,https://futhead.cursecdn.com/static/img/22/clubs/111339.png,Süper Lig,https://futhead.cursecdn.com/static/img/22/leagues/68.png
311,Kawasaki Frontale,https://futhead.cursecdn.com/static/img/22/clubs/111730.png,Meiji Yasuda J1 League,https://futhead.cursecdn.com/static/img/22/leagues/349.png
312,Kayserispor,https://futhead.cursecdn.com/static/img/22/clubs/101020.png,Süper Lig,https://futhead.cursecdn.com/static/img/22/leagues/68.png
313,Kerala Blasters,https://futhead.cursecdn.com/static/img/22/clubs/113299.png,Hero Indian Super League,https://futhead.cursecdn.com/static/img/22/leagues/2149.png
314,Konyaspor,https://futhead.cursecdn.com/static/img/22/clubs/101033.png,Süper Lig,https://futhead.cursecdn.com/static/img/22/leagues/68.png
315,Kristiansund,https://futhead.cursecdn.com/static/img/22/clubs/113459.png,Eliteserien,https://futhead.cursecdn.com/static/img/22/leagues/41.png
316,LA Galaxy,https://futhead.cursecdn.com/static/img/22/clubs/697.png,Major League Soccer,https://futhead.cursecdn.com/static/img/22/leagues/39.png
317,LAFC,https://futhead.cursecdn.com/static/img/22/clubs/112996.png,Major League Soccer,https://futhead.cursecdn.com/static/img/22/leagues/39.png
318,LASK,https://futhead.cursecdn.com/static/img/22/clubs/252.png,Österreichische Fußball-Bundesliga,https://futhead.cursecdn.com/static/img/22/leagues/80.png
319,LDU Quito,https://futhead.cursecdn.com/static/img/22/clubs/110986.png,CONMEBOL Libertadores,https://futhead.cursecdn.com/static/img/22/leagues/1003.png
320,LOSC Lille,https://futhead.cursecdn.com/static/img/22/clubs/65.png,Ligue 1 Uber Eats,https://futhead.cursecdn.com/static/img/22/leagues/16.png
321,Lanús,https://futhead.cursecdn.com/static/img/22/clubs/110395.png,CONMEBOL Sudamericana,https://futhead.cursecdn.com/static/img/22/leagues/1014.png
322,Latium,https://futhead.cursecdn.com/static/img/22/clubs/115841.png,Serie A TIM,https://futhead.cursecdn.com/static/img/22/leagues/31.png
323,Lausanne-Sport,https://futhead.cursecdn.com/static/img/22/clubs/1862.png,Credit Suisse Super League,https://futhead.cursecdn.com/static/img/22/leagues/189.png
324,Lecce,https://futhead.cursecdn.com/static/img/22/clubs/347.png,Calcio B,https://futhead.cursecdn.com/static/img/22/leagues/2179.png
325,Lech Poznań,https://futhead.cursecdn.com/static/img/22/clubs/873.png,PKO Bank Polski Ekstraklasa,https://futhead.cursecdn.com/static/img/22/leagues/66.png
326,Lechia Gdańsk,https://futhead.cursecdn.com/static/img/22/clubs/111091.png,PKO Bank Polski Ekstraklasa,https://futhead.cursecdn.com/static/img/22/leagues/66.png
327,Leeds United,https://futhead.cursecdn.com/static/img/22/clubs/8.png,Premier League,https://futhead.cursecdn.com/static/img/22/leagues/13.png
328,Legia Warszawa,https://futhead.cursecdn.com/static/img/22/clubs/1871.png,PKO Bank Polski Ekstraklasa,https://futhead.cursecdn.com/static/img/22/leagues/66.png
329,Leicester City,https://futhead.cursecdn.com/static/img/22/clubs/95.png,Premier League,https://futhead.cursecdn.com/static/img/22/leagues/13.png
330,Levante UD,https://futhead.cursecdn.com/static/img/22/clubs/1853.png,LaLiga Santander,https://futhead.cursecdn.com/static/img/22/leagues/53.png
331,Leverkusen,https://futhead.cursecdn.com/static/img/22/clubs/32.png,Bundesliga,https://futhead.cursecdn.com/static/img/22/leagues/19.png
332,Leyton Orient,https://futhead.cursecdn.com/static/img/22/clubs/1958.png,EFL League Two,https://futhead.cursecdn.com/static/img/22/leagues/61.png
333,León,https://futhead.cursecdn.com/static/img/22/clubs/110781.png,LIGA BBVA MX,https://futhead.cursecdn.com/static/img/22/leagues/341.png
334,Libertad,https://futhead.cursecdn.com/static/img/22/clubs/111008.png,CONMEBOL Sudamericana,https://futhead.cursecdn.com/static/img/22/leagues/1014.png
335,Lillestrøm SK,https://futhead.cursecdn.com/static/img/22/clubs/299.png,Eliteserien,https://futhead.cursecdn.com/static/img/22/leagues/41.png
336,Lincoln City,https://futhead.cursecdn.com/static/img/22/clubs/149.png,EFL League One,https://futhead.cursecdn.com/static/img/22/leagues/60.png
337,Liverpool,https://futhead.cursecdn.com/static/img/22/clubs/9.png,Premier League,https://futhead.cursecdn.com/static/img/22/leagues/13.png
338,Livingston,https://futhead.cursecdn.com/static/img/22/clubs/621.png,cinch Premiership,https://futhead.cursecdn.com/static/img/22/leagues/50.png
339,Lokomotiv Moscow,https://futhead.cursecdn.com/static/img/22/clubs/100765.png,League of Russia,https://futhead.cursecdn.com/static/img/22/leagues/3006.png
340,Longford Town,https://futhead.cursecdn.com/static/img/22/clubs/1586.png,SSE Airtricity Premier Division,https://futhead.cursecdn.com/static/img/22/leagues/65.png
341,Luton Town,https://futhead.cursecdn.com/static/img/22/clubs/1923.png,EFL Championship,https://futhead.cursecdn.com/static/img/22/leagues/14.png
342,M'gladbach,https://futhead.cursecdn.com/static/img/22/clubs/23.png,Bundesliga,https://futhead.cursecdn.com/static/img/22/leagues/19.png
343,MK Dons,https://futhead.cursecdn.com/static/img/22/clubs/1798.png,EFL League One,https://futhead.cursecdn.com/static/img/22/leagues/60.png
344,MSV Duisburg,https://futhead.cursecdn.com/static/img/22/clubs/1825.png,3. Liga,https://futhead.cursecdn.com/static/img/22/leagues/2076.png
345,Macarthur FC,https://futhead.cursecdn.com/static/img/22/clubs/114604.png,A-League,https://futhead.cursecdn.com/static/img/22/leagues/351.png
346,Malmö FF,https://futhead.cursecdn.com/static/img/22/clubs/320.png,Allsvenskan,https://futhead.cursecdn.com/static/img/22/leagues/56.png
347,Manchester City,https://futhead.cursecdn.com/static/img/22/clubs/10.png,Premier League,https://futhead.cursecdn.com/static/img/22/leagues/13.png
348,Manchester Utd,https://futhead.cursecdn.com/static/img/22/clubs/11.png,Premier League,https://futhead.cursecdn.com/static/img/22/leagues/13.png
349,Mansfield Town,https://futhead.cursecdn.com/static/img/22/clubs/1940.png,EFL League Two,https://futhead.cursecdn.com/static/img/22/leagues/61.png
350,Marítimo,https://futhead.cursecdn.com/static/img/22/clubs/1893.png,Liga Portugal,https://futhead.cursecdn.com/static/img/22/leagues/308.png
351,Mazatlán FC,https://futhead.cursecdn.com/static/img/22/clubs/114899.png,LIGA BBVA MX,https://futhead.cursecdn.com/static/img/22/leagues/341.png
352,Melb. Victory,https://futhead.cursecdn.com/static/img/22/clubs/111397.png,A-League,https://futhead.cursecdn.com/static/img/22/leagues/351.png
353,Melbourne City,https://futhead.cursecdn.com/static/img/22/clubs/112224.png,A-League,https://futhead.cursecdn.com/static/img/22/leagues/351.png
354,Middlesbrough,https://futhead.cursecdn.com/static/img/22/clubs/12.png,EFL Championship,https://futhead.cursecdn.com/static/img/22/leagues/14.png
355,Milan,https://futhead.cursecdn.com/static/img/22/clubs/47.png,Serie A TIM,https://futhead.cursecdn.com/static/img/22/leagues/31.png
356,Millwall,https://futhead.cursecdn.com/static/img/22/clubs/97.png,EFL Championship,https://futhead.cursecdn.com/static/img/22/leagues/14.png
357,Minnesota United,https://futhead.cursecdn.com/static/img/22/clubs/111138.png,Major League Soccer,https://futhead.cursecdn.com/static/img/22/leagues/39.png
358,Mjällby AIF,https://futhead.cursecdn.com/static/img/22/clubs/112072.png,Allsvenskan,https://futhead.cursecdn.com/static/img/22/leagues/56.png
359,Mjøndalen IF,https://futhead.cursecdn.com/static/img/22/clubs/112420.png,Eliteserien,https://futhead.cursecdn.com/static/img/22/leagues/41.png
360,Molde FK,https://futhead.cursecdn.com/static/img/22/clubs/417.png,Eliteserien,https://futhead.cursecdn.com/static/img/22/leagues/41.png
361,Montpellier,https://futhead.cursecdn.com/static/img/22/clubs/70.png,Ligue 1 Uber Eats,https://futhead.cursecdn.com/static/img/22/leagues/16.png
362,Morecambe,https://futhead.cursecdn.com/static/img/22/clubs/357.png,EFL League One,https://futhead.cursecdn.com/static/img/22/leagues/60.png
363,Moreirense FC,https://futhead.cursecdn.com/static/img/22/clubs/1900.png,Liga Portugal,https://futhead.cursecdn.com/static/img/22/leagues/308.png
364,Motherwell,https://futhead.cursecdn.com/static/img/22/clubs/83.png,cinch Premiership,https://futhead.cursecdn.com/static/img/22/leagues/50.png
365,Mumbai City FC,https://futhead.cursecdn.com/static/img/22/clubs/113300.png,Hero Indian Super League,https://futhead.cursecdn.com/static/img/22/leagues/2149.png
366,Málaga CF,https://futhead.cursecdn.com/static/img/22/clubs/573.png,LaLiga SmartBank,https://futhead.cursecdn.com/static/img/22/leagues/54.png
367,N.E.C. Nijmegen,https://futhead.cursecdn.com/static/img/22/clubs/1910.png,Eredivisie,https://futhead.cursecdn.com/static/img/22/leagues/10.png
368,Nagoya Grampus,https://futhead.cursecdn.com/static/img/22/clubs/112092.png,Meiji Yasuda J1 League,https://futhead.cursecdn.com/static/img/22/leagues/349.png
369,Napoli,https://futhead.cursecdn.com/static/img/22/clubs/48.png,Serie A TIM,https://futhead.cursecdn.com/static/img/22/leagues/31.png
370,Nashville SC,https://futhead.cursecdn.com/static/img/22/clubs/114162.png,Major League Soccer,https://futhead.cursecdn.com/static/img/22/leagues/39.png
371,Necaxa,https://futhead.cursecdn.com/static/img/22/clubs/101121.png,LIGA BBVA MX,https://futhead.cursecdn.com/static/img/22/leagues/341.png
372,New England,https://futhead.cursecdn.com/static/img/22/clubs/691.png,Major League Soccer,https://futhead.cursecdn.com/static/img/22/leagues/39.png
373,New York City FC,https://futhead.cursecdn.com/static/img/22/clubs/112828.png,Major League Soccer,https://futhead.cursecdn.com/static/img/22/leagues/39.png
374,Newcastle Jets,https://futhead.cursecdn.com/static/img/22/clubs/111398.png,A-League,https://futhead.cursecdn.com/static/img/22/leagues/351.png
375,Newcastle Utd,https://futhead.cursecdn.com/static/img/22/clubs/13.png,Premier League,https://futhead.cursecdn.com/static/img/22/leagues/13.png
376,Newell's,https://futhead.cursecdn.com/static/img/22/clubs/110396.png,CONMEBOL Sudamericana,https://futhead.cursecdn.com/static/img/22/leagues/1014.png
377,Newport County,https://futhead.cursecdn.com/static/img/22/clubs/112254.png,EFL League Two,https://futhead.cursecdn.com/static/img/22/leagues/61.png
378,Niort,https://futhead.cursecdn.com/static/img/22/clubs/1813.png,Ligue 2 BKT,https://futhead.cursecdn.com/static/img/22/leagues/17.png
379,NorthEast United,https://futhead.cursecdn.com/static/img/22/clubs/113040.png,Hero Indian Super League,https://futhead.cursecdn.com/static/img/22/leagues/2149.png
380,Northampton,https://futhead.cursecdn.com/static/img/22/clubs/1930.png,EFL League Two,https://futhead.cursecdn.com/static/img/22/leagues/61.png
381,Norwich,https://futhead.cursecdn.com/static/img/22/clubs/1792.png,Premier League,https://futhead.cursecdn.com/static/img/22/leagues/13.png
382,Nott'm Forest,https://futhead.cursecdn.com/static/img/22/clubs/14.png,EFL Championship,https://futhead.cursecdn.com/static/img/22/leagues/14.png
383,Nîmes Olympique,https://futhead.cursecdn.com/static/img/22/clubs/224.png,Ligue 2 BKT,https://futhead.cursecdn.com/static/img/22/leagues/17.png
384,OGC Nice,https://futhead.cursecdn.com/static/img/22/clubs/72.png,Ligue 1 Uber Eats,https://futhead.cursecdn.com/static/img/22/leagues/16.png
385,OH Leuven,https://futhead.cursecdn.com/static/img/22/clubs/100087.png,1A Pro League,https://futhead.cursecdn.com/static/img/22/leagues/4.png
386,OL,https://futhead.cursecdn.com/static/img/22/clubs/66.png,Ligue 1 Uber Eats,https://futhead.cursecdn.com/static/img/22/leagues/16.png
387,OM,https://futhead.cursecdn.com/static/img/22/clubs/219.png,Ligue 1 Uber Eats,https://futhead.cursecdn.com/static/img/22/leagues/16.png
388,Odds BK,https://futhead.cursecdn.com/static/img/22/clubs/1456.png,Eliteserien,https://futhead.cursecdn.com/static/img/22/leagues/41.png
389,Odense BK,https://futhead.cursecdn.com/static/img/22/clubs/272.png,3F Superliga,https://futhead.cursecdn.com/static/img/22/leagues/1.png
390,Odisha FC,https://futhead.cursecdn.com/static/img/22/clubs/113257.png,Hero Indian Super League,https://futhead.cursecdn.com/static/img/22/leagues/2149.png
391,Oita Trinita,https://futhead.cursecdn.com/static/img/22/clubs/113183.png,Meiji Yasuda J1 League,https://futhead.cursecdn.com/static/img/22/leagues/349.png
392,Oldham Athletic,https://futhead.cursecdn.com/static/img/22/clubs/1920.png,EFL League Two,https://futhead.cursecdn.com/static/img/22/leagues/61.png
393,Olympiacos CFP,https://futhead.cursecdn.com/static/img/22/clubs/280.png,Hellas Liga,https://futhead.cursecdn.com/static/img/22/leagues/63.png
394,Orlando City,https://futhead.cursecdn.com/static/img/22/clubs/112606.png,Major League Soccer,https://futhead.cursecdn.com/static/img/22/leagues/39.png
395,Orlando Pirates,https://futhead.cursecdn.com/static/img/22/clubs/110930.png,South African FL,https://futhead.cursecdn.com/static/img/22/leagues/347.png
396,Oxford United,https://futhead.cursecdn.com/static/img/22/clubs/1951.png,EFL League One,https://futhead.cursecdn.com/static/img/22/leagues/60.png
397,PAOK,https://futhead.cursecdn.com/static/img/22/clubs/393.png,Hellas Liga,https://futhead.cursecdn.com/static/img/22/leagues/63.png
398,PEC Zwolle,https://futhead.cursecdn.com/static/img/22/clubs/1914.png,Eredivisie,https://futhead.cursecdn.com/static/img/22/leagues/10.png
399,PSV,https://futhead.cursecdn.com/static/img/22/clubs/247.png,Eredivisie,https://futhead.cursecdn.com/static/img/22/leagues/10.png
400,Pachuca,https://futhead.cursecdn.com/static/img/22/clubs/110147.png,LIGA BBVA MX,https://futhead.cursecdn.com/static/img/22/leagues/341.png
401,Palestino,https://futhead.cursecdn.com/static/img/22/clubs/111328.png,CONMEBOL Sudamericana,https://futhead.cursecdn.com/static/img/22/leagues/1014.png
402,Panathinaikos,https://futhead.cursecdn.com/static/img/22/clubs/1884.png,Hellas Liga,https://futhead.cursecdn.com/static/img/22/leagues/63.png
403,Paris FC,https://futhead.cursecdn.com/static/img/22/clubs/111817.png,Ligue 2 BKT,https://futhead.cursecdn.com/static/img/22/leagues/17.png
404,Paris SG,https://futhead.cursecdn.com/static/img/22/clubs/73.png,Ligue 1 Uber Eats,https://futhead.cursecdn.com/static/img/22/leagues/16.png
405,Parma,https://futhead.cursecdn.com/static/img/22/clubs/50.png,Calcio B,https://futhead.cursecdn.com/static/img/22/leagues/2179.png
406,Patronato,https://futhead.cursecdn.com/static/img/22/clubs/110581.png,Liga Profesional de Fútbol,https://futhead.cursecdn.com/static/img/22/leagues/353.png
407,Pau FC,https://futhead.cursecdn.com/static/img/22/clubs/110321.png,Ligue 2 BKT,https://futhead.cursecdn.com/static/img/22/leagues/17.png
408,Paços Ferreira,https://futhead.cursecdn.com/static/img/22/clubs/1892.png,Liga Portugal,https://futhead.cursecdn.com/static/img/22/leagues/308.png
409,Perth Glory,https://futhead.cursecdn.com/static/img/22/clubs/111399.png,A-League,https://futhead.cursecdn.com/static/img/22/leagues/351.png
410,Peterborough,https://futhead.cursecdn.com/static/img/22/clubs/1938.png,EFL Championship,https://futhead.cursecdn.com/static/img/22/leagues/14.png
411,Philadelphia,https://futhead.cursecdn.com/static/img/22/clubs/112134.png,Major League Soccer,https://futhead.cursecdn.com/static/img/22/leagues/39.png
412,Piast Gliwice,https://futhead.cursecdn.com/static/img/22/clubs/111086.png,PKO Bank Polski Ekstraklasa,https://futhead.cursecdn.com/static/img/22/leagues/66.png
413,Piemonte Calcio,https://futhead.cursecdn.com/static/img/22/clubs/114153.png,Serie A TIM,https://futhead.cursecdn.com/static/img/22/leagues/31.png
414,Platense,https://futhead.cursecdn.com/static/img/22/clubs/112689.png,Liga Profesional de Fútbol,https://futhead.cursecdn.com/static/img/22/leagues/353.png
415,Plymouth Argyle,https://futhead.cursecdn.com/static/img/22/clubs/1929.png,EFL League One,https://futhead.cursecdn.com/static/img/22/leagues/60.png
416,Pogoń Szczecin,https://futhead.cursecdn.com/static/img/22/clubs/110746.png,PKO Bank Polski Ekstraklasa,https://futhead.cursecdn.com/static/img/22/leagues/66.png
417,Pohang Steelers,https://futhead.cursecdn.com/static/img/22/clubs/1474.png,K League 1,https://futhead.cursecdn.com/static/img/22/leagues/83.png
418,Port Vale,https://futhead.cursecdn.com/static/img/22/clubs/1928.png,EFL League Two,https://futhead.cursecdn.com/static/img/22/leagues/61.png
419,Portimonense SC,https://futhead.cursecdn.com/static/img/22/clubs/10031.png,Liga Portugal,https://futhead.cursecdn.com/static/img/22/leagues/308.png
420,Portland Timbers,https://futhead.cursecdn.com/static/img/22/clubs/111140.png,Major League Soccer,https://futhead.cursecdn.com/static/img/22/leagues/39.png
421,Portsmouth,https://futhead.cursecdn.com/static/img/22/clubs/1790.png,EFL League One,https://futhead.cursecdn.com/static/img/22/leagues/60.png
422,Preston,https://futhead.cursecdn.com/static/img/22/clubs/1801.png,EFL Championship,https://futhead.cursecdn.com/static/img/22/leagues/14.png
423,Puebla,https://futhead.cursecdn.com/static/img/22/clubs/110152.png,LIGA BBVA MX,https://futhead.cursecdn.com/static/img/22/leagues/341.png
424,Pumas,https://futhead.cursecdn.com/static/img/22/clubs/1881.png,LIGA BBVA MX,https://futhead.cursecdn.com/static/img/22/leagues/341.png
425,QPR,https://futhead.cursecdn.com/static/img/22/clubs/15.png,EFL Championship,https://futhead.cursecdn.com/static/img/22/leagues/14.png
426,Qingdao FC,https://futhead.cursecdn.com/static/img/22/clubs/112961.png,Chinese Football Association Super League,https://futhead.cursecdn.com/static/img/22/leagues/2012.png
427,Querétaro,https://futhead.cursecdn.com/static/img/22/clubs/110150.png,LIGA BBVA MX,https://futhead.cursecdn.com/static/img/22/leagues/341.png
428,Quevilly Rouen,https://futhead.cursecdn.com/static/img/22/clubs/112552.png,Ligue 2 BKT,https://futhead.cursecdn.com/static/img/22/leagues/17.png
429,R. Oviedo,https://futhead.cursecdn.com/static/img/22/clubs/110827.png,LaLiga SmartBank,https://futhead.cursecdn.com/static/img/22/leagues/54.png
430,R. Sporting,https://futhead.cursecdn.com/static/img/22/clubs/459.png,LaLiga SmartBank,https://futhead.cursecdn.com/static/img/22/leagues/54.png
431,R. Valladolid CF,https://futhead.cursecdn.com/static/img/22/clubs/462.png,LaLiga SmartBank,https://futhead.cursecdn.com/static/img/22/leagues/54.png
432,R. Zaragoza,https://futhead.cursecdn.com/static/img/22/clubs/244.png,LaLiga SmartBank,https://futhead.cursecdn.com/static/img/22/leagues/54.png
433,RB Leipzig,https://futhead.cursecdn.com/static/img/22/clubs/112172.png,Bundesliga,https://futhead.cursecdn.com/static/img/22/leagues/19.png
434,RB Salzburg,https://futhead.cursecdn.com/static/img/22/clubs/191.png,Österreichische Fußball-Bundesliga,https://futhead.cursecdn.com/static/img/22/leagues/80.png
435,RC Celta,https://futhead.cursecdn.com/static/img/22/clubs/450.png,LaLiga Santander,https://futhead.cursecdn.com/static/img/22/leagues/53.png
436,RC Lens,https://futhead.cursecdn.com/static/img/22/clubs/64.png,Ligue 1 Uber Eats,https://futhead.cursecdn.com/static/img/22/leagues/16.png
437,RCD Espanyol,https://futhead.cursecdn.com/static/img/22/clubs/452.png,LaLiga Santander,https://futhead.cursecdn.com/static/img/22/leagues/53.png
438,RCD Mallorca,https://futhead.cursecdn.com/static/img/22/clubs/453.png,LaLiga Santander,https://futhead.cursecdn.com/static/img/22/leagues/53.png
439,RFC Seraing,https://futhead.cursecdn.com/static/img/22/clubs/112695.png,1A Pro League,https://futhead.cursecdn.com/static/img/22/leagues/4.png
440,RKC Waalwijk,https://futhead.cursecdn.com/static/img/22/clubs/1905.png,Eredivisie,https://futhead.cursecdn.com/static/img/22/leagues/10.png
441,RSC Anderlecht,https://futhead.cursecdn.com/static/img/22/clubs/229.png,1A Pro League,https://futhead.cursecdn.com/static/img/22/leagues/4.png
442,Radomiak Radom,https://futhead.cursecdn.com/static/img/22/clubs/111088.png,PKO Bank Polski Ekstraklasa,https://futhead.cursecdn.com/static/img/22/leagues/66.png
443,Raków,https://futhead.cursecdn.com/static/img/22/clubs/114326.png,PKO Bank Polski Ekstraklasa,https://futhead.cursecdn.com/static/img/22/leagues/66.png
444,Randers FC,https://futhead.cursecdn.com/static/img/22/clubs/1786.png,3F Superliga,https://futhead.cursecdn.com/static/img/22/leagues/1.png
445,Rangers,https://futhead.cursecdn.com/static/img/22/clubs/86.png,cinch Premiership,https://futhead.cursecdn.com/static/img/22/leagues/50.png
446,Rayo Vallecano,https://futhead.cursecdn.com/static/img/22/clubs/480.png,LaLiga Santander,https://futhead.cursecdn.com/static/img/22/leagues/53.png
447,Reading,https://futhead.cursecdn.com/static/img/22/clubs/1793.png,EFL Championship,https://futhead.cursecdn.com/static/img/22/leagues/14.png
448,Real Betis,https://futhead.cursecdn.com/static/img/22/clubs/449.png,LaLiga Santander,https://futhead.cursecdn.com/static/img/22/leagues/53.png
449,Real Madrid,https://futhead.cursecdn.com/static/img/22/clubs/243.png,LaLiga Santander,https://futhead.cursecdn.com/static/img/22/leagues/53.png
450,Real Salt Lake,https://futhead.cursecdn.com/static/img/22/clubs/111065.png,Major League Soccer,https://futhead.cursecdn.com/static/img/22/leagues/39.png
451,Real Sociedad,https://futhead.cursecdn.com/static/img/22/clubs/457.png,LaLiga Santander,https://futhead.cursecdn.com/static/img/22/leagues/53.png
452,Real Sociedad B,https://futhead.cursecdn.com/static/img/22/clubs/110711.png,LaLiga SmartBank,https://futhead.cursecdn.com/static/img/22/leagues/54.png
453,Red Bulls,https://futhead.cursecdn.com/static/img/22/clubs/689.png,Major League Soccer,https://futhead.cursecdn.com/static/img/22/leagues/39.png
454,Regensburg,https://futhead.cursecdn.com/static/img/22/clubs/543.png,Bundesliga 2,https://futhead.cursecdn.com/static/img/22/leagues/20.png
455,River Plate,https://futhead.cursecdn.com/static/img/22/clubs/114575.png,CONMEBOL Sudamericana,https://futhead.cursecdn.com/static/img/22/leagues/1014.png
456,Rochdale,https://futhead.cursecdn.com/static/img/22/clubs/1955.png,EFL League Two,https://futhead.cursecdn.com/static/img/22/leagues/61.png
457,Rodez AF,https://futhead.cursecdn.com/static/img/22/clubs/111659.png,Ligue 2 BKT,https://futhead.cursecdn.com/static/img/22/leagues/17.png
458,Roma FC,https://futhead.cursecdn.com/static/img/22/clubs/114912.png,Serie A TIM,https://futhead.cursecdn.com/static/img/22/leagues/31.png
459,Rosenborg BK,https://futhead.cursecdn.com/static/img/22/clubs/298.png,Eliteserien,https://futhead.cursecdn.com/static/img/22/leagues/41.png
460,Ross County,https://futhead.cursecdn.com/static/img/22/clubs/631.png,cinch Premiership,https://futhead.cursecdn.com/static/img/22/leagues/50.png
461,Rostock,https://futhead.cursecdn.com/static/img/22/clubs/27.png,Bundesliga 2,https://futhead.cursecdn.com/static/img/22/leagues/20.png
462,Rotherham Utd,https://futhead.cursecdn.com/static/img/22/clubs/1797.png,EFL League One,https://futhead.cursecdn.com/static/img/22/leagues/60.png
463,Royal Antwerp FC,https://futhead.cursecdn.com/static/img/22/clubs/230.png,1A Pro League,https://futhead.cursecdn.com/static/img/22/leagues/4.png
464,S-Hiroshima,https://futhead.cursecdn.com/static/img/22/clubs/113157.png,Meiji Yasuda J1 League,https://futhead.cursecdn.com/static/img/22/leagues/349.png
465,SC Bastia,https://futhead.cursecdn.com/static/img/22/clubs/58.png,Ligue 2 BKT,https://futhead.cursecdn.com/static/img/22/leagues/17.png
466,SC Braga,https://futhead.cursecdn.com/static/img/22/clubs/1896.png,Liga Portugal,https://futhead.cursecdn.com/static/img/22/leagues/308.png
467,SC Cambuur,https://futhead.cursecdn.com/static/img/22/clubs/647.png,Eredivisie,https://futhead.cursecdn.com/static/img/22/leagues/10.png
468,SC East Bengal,https://futhead.cursecdn.com/static/img/22/clubs/111629.png,Hero Indian Super League,https://futhead.cursecdn.com/static/img/22/leagues/2149.png
469,SC Freiburg,https://futhead.cursecdn.com/static/img/22/clubs/25.png,Bundesliga,https://futhead.cursecdn.com/static/img/22/leagues/19.png
470,SC Freiburg II,https://futhead.cursecdn.com/static/img/22/clubs/110691.png,3. Liga,https://futhead.cursecdn.com/static/img/22/leagues/2076.png
471,SC Paderborn 07,https://futhead.cursecdn.com/static/img/22/clubs/10030.png,Bundesliga 2,https://futhead.cursecdn.com/static/img/22/leagues/20.png
472,SC Verl,https://futhead.cursecdn.com/static/img/22/clubs/110501.png,3. Liga,https://futhead.cursecdn.com/static/img/22/leagues/2076.png
473,SCR Altach,https://futhead.cursecdn.com/static/img/22/clubs/15009.png,Österreichische Fußball-Bundesliga,https://futhead.cursecdn.com/static/img/22/leagues/80.png
474,SD Amorebieta,https://futhead.cursecdn.com/static/img/22/clubs/113356.png,LaLiga SmartBank,https://futhead.cursecdn.com/static/img/22/leagues/54.png
475,SD Eibar,https://futhead.cursecdn.com/static/img/22/clubs/467.png,LaLiga SmartBank,https://futhead.cursecdn.com/static/img/22/leagues/54.png
476,SD Huesca,https://futhead.cursecdn.com/static/img/22/clubs/110839.png,LaLiga SmartBank,https://futhead.cursecdn.com/static/img/22/leagues/54.png
477,SD Ponferradina,https://futhead.cursecdn.com/static/img/22/clubs/2023.png,LaLiga SmartBank,https://futhead.cursecdn.com/static/img/22/leagues/54.png
478,SJ Earthquakes,https://futhead.cursecdn.com/static/img/22/clubs/111928.png,Major League Soccer,https://futhead.cursecdn.com/static/img/22/leagues/39.png
479,SK Brann,https://futhead.cursecdn.com/static/img/22/clubs/919.png,Eliteserien,https://futhead.cursecdn.com/static/img/22/leagues/41.png
480,SK Rapid Wien,https://futhead.cursecdn.com/static/img/22/clubs/254.png,Österreichische Fußball-Bundesliga,https://futhead.cursecdn.com/static/img/22/leagues/80.png
481,SK Sturm Graz,https://futhead.cursecdn.com/static/img/22/clubs/209.png,Österreichische Fußball-Bundesliga,https://futhead.cursecdn.com/static/img/22/leagues/80.png
482,SL Benfica,https://futhead.cursecdn.com/static/img/22/clubs/234.png,Liga Portugal,https://futhead.cursecdn.com/static/img/22/leagues/308.png
483,SM Caen,https://futhead.cursecdn.com/static/img/22/clubs/210.png,Ligue 2 BKT,https://futhead.cursecdn.com/static/img/22/leagues/17.png
484,SV Darmstadt 98,https://futhead.cursecdn.com/static/img/22/clubs/110502.png,Bundesliga 2,https://futhead.cursecdn.com/static/img/22/leagues/20.png
485,SV Meppen,https://futhead.cursecdn.com/static/img/22/clubs/110597.png,3. Liga,https://futhead.cursecdn.com/static/img/22/leagues/2076.png
486,SV Ried,https://futhead.cursecdn.com/static/img/22/clubs/780.png,Österreichische Fußball-Bundesliga,https://futhead.cursecdn.com/static/img/22/leagues/80.png
487,SV Sandhausen,https://futhead.cursecdn.com/static/img/22/clubs/110178.png,Bundesliga 2,https://futhead.cursecdn.com/static/img/22/leagues/20.png
488,SV Waldhof,https://futhead.cursecdn.com/static/img/22/clubs/110532.png,3. Liga,https://futhead.cursecdn.com/static/img/22/leagues/2076.png
489,SV Werder Bremen,https://futhead.cursecdn.com/static/img/22/clubs/38.png,Bundesliga 2,https://futhead.cursecdn.com/static/img/22/leagues/20.png
490,SVWW,https://futhead.cursecdn.com/static/img/22/clubs/492.png,3. Liga,https://futhead.cursecdn.com/static/img/22/leagues/2076.png
491,Saarbrücken,https://futhead.cursecdn.com/static/img/22/clubs/523.png,3. Liga,https://futhead.cursecdn.com/static/img/22/leagues/2076.png
492,Sagan Tosu,https://futhead.cursecdn.com/static/img/22/clubs/113160.png,Meiji Yasuda J1 League,https://futhead.cursecdn.com/static/img/22/leagues/349.png
493,Salernitana,https://futhead.cursecdn.com/static/img/22/clubs/110373.png,Serie A TIM,https://futhead.cursecdn.com/static/img/22/leagues/31.png
494,Salford City,https://futhead.cursecdn.com/static/img/22/clubs/113926.png,EFL League Two,https://futhead.cursecdn.com/static/img/22/leagues/61.png
495,Sampdoria,https://futhead.cursecdn.com/static/img/22/clubs/1837.png,Serie A TIM,https://futhead.cursecdn.com/static/img/22/leagues/31.png
496,Sandefjord,https://futhead.cursecdn.com/static/img/22/clubs/1757.png,Eliteserien,https://futhead.cursecdn.com/static/img/22/leagues/41.png
497,Santa Clara,https://futhead.cursecdn.com/static/img/22/clubs/1438.png,Liga Portugal,https://futhead.cursecdn.com/static/img/22/leagues/308.png
498,Santos Laguna,https://futhead.cursecdn.com/static/img/22/clubs/110144.png,LIGA BBVA MX,https://futhead.cursecdn.com/static/img/22/leagues/341.png
499,Sarmiento,https://futhead.cursecdn.com/static/img/22/clubs/112713.png,Liga Profesional de Fútbol,https://futhead.cursecdn.com/static/img/22/leagues/353.png
500,Sarpsborg 08,https://futhead.cursecdn.com/static/img/22/clubs/112199.png,Eliteserien,https://futhead.cursecdn.com/static/img/22/leagues/41.png
501,Sassuolo,https://futhead.cursecdn.com/static/img/22/clubs/111974.png,Serie A TIM,https://futhead.cursecdn.com/static/img/22/leagues/31.png
502,Scunthorpe Utd,https://futhead.cursecdn.com/static/img/22/clubs/1949.png,EFL League Two,https://futhead.cursecdn.com/static/img/22/leagues/61.png
503,Seongnam FC,https://futhead.cursecdn.com/static/img/22/clubs/981.png,K League 1,https://futhead.cursecdn.com/static/img/22/leagues/83.png
504,Sepsi OSK,https://futhead.cursecdn.com/static/img/22/clubs/113378.png,Liga I,https://futhead.cursecdn.com/static/img/22/leagues/330.png
505,Servette FC,https://futhead.cursecdn.com/static/img/22/clubs/324.png,Credit Suisse Super League,https://futhead.cursecdn.com/static/img/22/leagues/189.png
506,Sevilla FC,https://futhead.cursecdn.com/static/img/22/clubs/481.png,LaLiga Santander,https://futhead.cursecdn.com/static/img/22/leagues/53.png
507,Shakhtar Donetsk,https://futhead.cursecdn.com/static/img/22/clubs/101059.png,Ukrayina Liha,https://futhead.cursecdn.com/static/img/22/leagues/332.png
508,Shamrock Rovers,https://futhead.cursecdn.com/static/img/22/clubs/306.png,SSE Airtricity Premier Division,https://futhead.cursecdn.com/static/img/22/leagues/65.png
509,Shandong Taishan,https://futhead.cursecdn.com/static/img/22/clubs/111724.png,Chinese Football Association Super League,https://futhead.cursecdn.com/static/img/22/leagues/2012.png
510,Shanghai Port,https://futhead.cursecdn.com/static/img/22/clubs/112540.png,Chinese Football Association Super League,https://futhead.cursecdn.com/static/img/22/leagues/2012.png
511,Shanghai Shenhua,https://futhead.cursecdn.com/static/img/22/clubs/110955.png,Chinese Football Association Super League,https://futhead.cursecdn.com/static/img/22/leagues/2012.png
512,Sheffield Utd,https://futhead.cursecdn.com/static/img/22/clubs/1794.png,EFL Championship,https://futhead.cursecdn.com/static/img/22/leagues/14.png
513,Sheffield Wed,https://futhead.cursecdn.com/static/img/22/clubs/1807.png,EFL League One,https://futhead.cursecdn.com/static/img/22/leagues/60.png
514,Shenzhen FC,https://futhead.cursecdn.com/static/img/22/clubs/111773.png,Chinese Football Association Super League,https://futhead.cursecdn.com/static/img/22/leagues/2012.png
515,Shimizu S-Pulse,https://futhead.cursecdn.com/static/img/22/clubs/101149.png,Meiji Yasuda J1 League,https://futhead.cursecdn.com/static/img/22/leagues/349.png
516,Shonan Bellmare,https://futhead.cursecdn.com/static/img/22/clubs/113161.png,Meiji Yasuda J1 League,https://futhead.cursecdn.com/static/img/22/leagues/349.png
517,Shrewsbury,https://futhead.cursecdn.com/static/img/22/clubs/127.png,EFL League One,https://futhead.cursecdn.com/static/img/22/leagues/60.png
518,Silkeborg IF,https://futhead.cursecdn.com/static/img/22/clubs/270.png,3F Superliga,https://futhead.cursecdn.com/static/img/22/leagues/1.png
519,Sint-Truiden,https://futhead.cursecdn.com/static/img/22/clubs/680.png,1A Pro League,https://futhead.cursecdn.com/static/img/22/leagues/4.png
520,Sivasspor,https://futhead.cursecdn.com/static/img/22/clubs/101041.png,Süper Lig,https://futhead.cursecdn.com/static/img/22/leagues/68.png
521,Slavia Praha,https://futhead.cursecdn.com/static/img/22/clubs/266.png,Česká Liga,https://futhead.cursecdn.com/static/img/22/leagues/319.png
522,Sligo Rovers,https://futhead.cursecdn.com/static/img/22/clubs/563.png,SSE Airtricity Premier Division,https://futhead.cursecdn.com/static/img/22/leagues/65.png
523,Sounders FC,https://futhead.cursecdn.com/static/img/22/clubs/111144.png,Major League Soccer,https://futhead.cursecdn.com/static/img/22/leagues/39.png
524,Southampton,https://futhead.cursecdn.com/static/img/22/clubs/17.png,Premier League,https://futhead.cursecdn.com/static/img/22/leagues/13.png
525,Sp. Charleroi,https://futhead.cursecdn.com/static/img/22/clubs/670.png,1A Pro League,https://futhead.cursecdn.com/static/img/22/leagues/4.png
526,Sparta Praha,https://futhead.cursecdn.com/static/img/22/clubs/267.png,Česká Liga,https://futhead.cursecdn.com/static/img/22/leagues/319.png
527,Sparta Rotterdam,https://futhead.cursecdn.com/static/img/22/clubs/100646.png,Eredivisie,https://futhead.cursecdn.com/static/img/22/leagues/10.png
528,Spartak Moscow,https://futhead.cursecdn.com/static/img/22/clubs/100767.png,League of Russia,https://futhead.cursecdn.com/static/img/22/leagues/3006.png
529,Spezia,https://futhead.cursecdn.com/static/img/22/clubs/113974.png,Serie A TIM,https://futhead.cursecdn.com/static/img/22/leagues/31.png
530,Sporting CP,https://futhead.cursecdn.com/static/img/22/clubs/237.png,Liga Portugal,https://futhead.cursecdn.com/static/img/22/leagues/308.png
531,Sporting Cristal,https://futhead.cursecdn.com/static/img/22/clubs/111013.png,CONMEBOL Libertadores,https://futhead.cursecdn.com/static/img/22/leagues/1003.png
532,Sporting KC,https://futhead.cursecdn.com/static/img/22/clubs/696.png,Major League Soccer,https://futhead.cursecdn.com/static/img/22/leagues/39.png
533,Spurs,https://futhead.cursecdn.com/static/img/22/clubs/18.png,Premier League,https://futhead.cursecdn.com/static/img/22/leagues/13.png
534,St. Johnstone,https://futhead.cursecdn.com/static/img/22/clubs/100804.png,cinch Premiership,https://futhead.cursecdn.com/static/img/22/leagues/50.png
535,St. Mirren,https://futhead.cursecdn.com/static/img/22/clubs/100805.png,cinch Premiership,https://futhead.cursecdn.com/static/img/22/leagues/50.png
536,St. Pats,https://futhead.cursecdn.com/static/img/22/clubs/423.png,SSE Airtricity Premier Division,https://futhead.cursecdn.com/static/img/22/leagues/65.png
537,Stabæk Fotball,https://futhead.cursecdn.com/static/img/22/clubs/917.png,Eliteserien,https://futhead.cursecdn.com/static/img/22/leagues/41.png
538,Stade Brestois 29,https://futhead.cursecdn.com/static/img/22/clubs/378.png,Ligue 1 Uber Eats,https://futhead.cursecdn.com/static/img/22/leagues/16.png
539,Stade Rennais FC,https://futhead.cursecdn.com/static/img/22/clubs/74.png,Ligue 1 Uber Eats,https://futhead.cursecdn.com/static/img/22/leagues/16.png
540,Stade de Reims,https://futhead.cursecdn.com/static/img/22/clubs/379.png,Ligue 1 Uber Eats,https://futhead.cursecdn.com/static/img/22/leagues/16.png
541,Stal Mielec,https://futhead.cursecdn.com/static/img/22/clubs/114004.png,PKO Bank Polski Ekstraklasa,https://futhead.cursecdn.com/static/img/22/leagues/66.png
542,Standard Liège,https://futhead.cursecdn.com/static/img/22/clubs/232.png,1A Pro League,https://futhead.cursecdn.com/static/img/22/leagues/4.png
543,Stevenage,https://futhead.cursecdn.com/static/img/22/clubs/361.png,EFL League Two,https://futhead.cursecdn.com/static/img/22/leagues/61.png
544,Stoke City,https://futhead.cursecdn.com/static/img/22/clubs/1806.png,EFL Championship,https://futhead.cursecdn.com/static/img/22/leagues/14.png
545,Strasbourg,https://futhead.cursecdn.com/static/img/22/clubs/76.png,Ligue 1 Uber Eats,https://futhead.cursecdn.com/static/img/22/leagues/16.png
546,Strømsgodset IF,https://futhead.cursecdn.com/static/img/22/clubs/922.png,Eliteserien,https://futhead.cursecdn.com/static/img/22/leagues/41.png
547,Sunderland,https://futhead.cursecdn.com/static/img/22/clubs/106.png,EFL League One,https://futhead.cursecdn.com/static/img/22/leagues/60.png
548,Sutton United,https://futhead.cursecdn.com/static/img/22/clubs/110799.png,EFL League Two,https://futhead.cursecdn.com/static/img/22/leagues/61.png
549,Suwon FC,https://futhead.cursecdn.com/static/img/22/clubs/112558.png,K League 1,https://futhead.cursecdn.com/static/img/22/leagues/83.png
550,Suwon Samsung,https://futhead.cursecdn.com/static/img/22/clubs/983.png,K League 1,https://futhead.cursecdn.com/static/img/22/leagues/83.png
551,Swansea City,https://futhead.cursecdn.com/static/img/22/clubs/1960.png,EFL Championship,https://futhead.cursecdn.com/static/img/22/leagues/14.png
552,Swindon Town,https://futhead.cursecdn.com/static/img/22/clubs/1934.png,EFL League Two,https://futhead.cursecdn.com/static/img/22/leagues/61.png
553,Sydney FC,https://futhead.cursecdn.com/static/img/22/clubs/111400.png,A-League,https://futhead.cursecdn.com/static/img/22/leagues/351.png
554,SønderjyskE,https://futhead.cursecdn.com/static/img/22/clubs/1447.png,3F Superliga,https://futhead.cursecdn.com/static/img/22/leagues/1.png
555,TSG Hoffenheim,https://futhead.cursecdn.com/static/img/22/clubs/10029.png,Bundesliga,https://futhead.cursecdn.com/static/img/22/leagues/19.png
556,TSV Hartberg,https://futhead.cursecdn.com/static/img/22/clubs/2017.png,Österreichische Fußball-Bundesliga,https://futhead.cursecdn.com/static/img/22/leagues/80.png
557,TSV Havelse,https://futhead.cursecdn.com/static/img/22/clubs/110678.png,3. Liga,https://futhead.cursecdn.com/static/img/22/leagues/2076.png
558,Tianjin JMT,https://futhead.cursecdn.com/static/img/22/clubs/111774.png,Chinese Football Association Super League,https://futhead.cursecdn.com/static/img/22/leagues/2012.png
559,Tigres,https://futhead.cursecdn.com/static/img/22/clubs/1970.png,LIGA BBVA MX,https://futhead.cursecdn.com/static/img/22/leagues/341.png
560,Tijuana,https://futhead.cursecdn.com/static/img/22/clubs/111678.png,LIGA BBVA MX,https://futhead.cursecdn.com/static/img/22/leagues/341.png
561,Tokushima Vortis,https://futhead.cursecdn.com/static/img/22/clubs/112783.png,Meiji Yasuda J1 League,https://futhead.cursecdn.com/static/img/22/leagues/349.png
562,Toluca,https://futhead.cursecdn.com/static/img/22/clubs/1882.png,LIGA BBVA MX,https://futhead.cursecdn.com/static/img/22/leagues/341.png
563,Torino,https://futhead.cursecdn.com/static/img/22/clubs/54.png,Serie A TIM,https://futhead.cursecdn.com/static/img/22/leagues/31.png
564,Toronto FC,https://futhead.cursecdn.com/static/img/22/clubs/111651.png,Major League Soccer,https://futhead.cursecdn.com/static/img/22/leagues/39.png
565,Toulouse FC,https://futhead.cursecdn.com/static/img/22/clubs/1809.png,Ligue 2 BKT,https://futhead.cursecdn.com/static/img/22/leagues/17.png
566,Trabzonspor,https://futhead.cursecdn.com/static/img/22/clubs/436.png,Süper Lig,https://futhead.cursecdn.com/static/img/22/leagues/68.png
567,Tranmere Rovers,https://futhead.cursecdn.com/static/img/22/clubs/15048.png,EFL League Two,https://futhead.cursecdn.com/static/img/22/leagues/61.png
568,Tromsø IL,https://futhead.cursecdn.com/static/img/22/clubs/418.png,Eliteserien,https://futhead.cursecdn.com/static/img/22/leagues/41.png
569,Türkgücü,https://futhead.cursecdn.com/static/img/22/clubs/114398.png,3. Liga,https://futhead.cursecdn.com/static/img/22/leagues/2076.png
570,UD Almería,https://futhead.cursecdn.com/static/img/22/clubs/1861.png,LaLiga SmartBank,https://futhead.cursecdn.com/static/img/22/leagues/54.png
571,UD Ibiza,https://futhead.cursecdn.com/static/img/22/clubs/113981.png,LaLiga SmartBank,https://futhead.cursecdn.com/static/img/22/leagues/54.png
572,UD Las Palmas,https://futhead.cursecdn.com/static/img/22/clubs/472.png,LaLiga SmartBank,https://futhead.cursecdn.com/static/img/22/leagues/54.png
573,USL Dunkerque,https://futhead.cursecdn.com/static/img/22/clubs/111276.png,Ligue 2 BKT,https://futhead.cursecdn.com/static/img/22/leagues/17.png
574,UTA Arad,https://futhead.cursecdn.com/static/img/22/clubs/110750.png,Liga I,https://futhead.cursecdn.com/static/img/22/leagues/330.png
575,Udinese,https://futhead.cursecdn.com/static/img/22/clubs/55.png,Serie A TIM,https://futhead.cursecdn.com/static/img/22/leagues/31.png
576,Ulsan Hyundai,https://futhead.cursecdn.com/static/img/22/clubs/1473.png,K League 1,https://futhead.cursecdn.com/static/img/22/leagues/83.png
577,Union Berlin,https://futhead.cursecdn.com/static/img/22/clubs/1831.png,Bundesliga,https://futhead.cursecdn.com/static/img/22/leagues/19.png
578,Union SG,https://futhead.cursecdn.com/static/img/22/clubs/2014.png,1A Pro League,https://futhead.cursecdn.com/static/img/22/leagues/4.png
579,Univ. Craiova,https://futhead.cursecdn.com/static/img/22/clubs/308.png,Liga I,https://futhead.cursecdn.com/static/img/22/leagues/330.png
580,Unión,https://futhead.cursecdn.com/static/img/22/clubs/111716.png,CONMEBOL Sudamericana,https://futhead.cursecdn.com/static/img/22/leagues/1014.png
581,Urawa Reds,https://futhead.cursecdn.com/static/img/22/clubs/111575.png,Meiji Yasuda J1 League,https://futhead.cursecdn.com/static/img/22/leagues/349.png
582,Valencia CF,https://futhead.cursecdn.com/static/img/22/clubs/461.png,LaLiga Santander,https://futhead.cursecdn.com/static/img/22/leagues/53.png
583,Valenciennes FC,https://futhead.cursecdn.com/static/img/22/clubs/110456.png,Ligue 2 BKT,https://futhead.cursecdn.com/static/img/22/leagues/17.png
584,Varbergs BoIS,https://futhead.cursecdn.com/static/img/22/clubs/113743.png,Allsvenskan,https://futhead.cursecdn.com/static/img/22/leagues/56.png
585,Vegalta Sendai,https://futhead.cursecdn.com/static/img/22/clubs/112836.png,Meiji Yasuda J1 League,https://futhead.cursecdn.com/static/img/22/leagues/349.png
586,Vejle Boldklub,https://futhead.cursecdn.com/static/img/22/clubs/822.png,3F Superliga,https://futhead.cursecdn.com/static/img/22/leagues/1.png
587,Venezia,https://futhead.cursecdn.com/static/img/22/clubs/205.png,Serie A TIM,https://futhead.cursecdn.com/static/img/22/leagues/31.png
588,VfB Stuttgart,https://futhead.cursecdn.com/static/img/22/clubs/36.png,Bundesliga,https://futhead.cursecdn.com/static/img/22/leagues/19.png
589,VfL Bochum,https://futhead.cursecdn.com/static/img/22/clubs/160.png,Bundesliga,https://futhead.cursecdn.com/static/img/22/leagues/19.png
590,VfL Osnabrück,https://futhead.cursecdn.com/static/img/22/clubs/487.png,3. Liga,https://futhead.cursecdn.com/static/img/22/leagues/2076.png
591,VfL Wolfsburg,https://futhead.cursecdn.com/static/img/22/clubs/175.png,Bundesliga,https://futhead.cursecdn.com/static/img/22/leagues/19.png
592,Viborg FF,https://futhead.cursecdn.com/static/img/22/clubs/1443.png,3F Superliga,https://futhead.cursecdn.com/static/img/22/leagues/1.png
593,Viking FK,https://futhead.cursecdn.com/static/img/22/clubs/300.png,Eliteserien,https://futhead.cursecdn.com/static/img/22/leagues/41.png
594,Viktoria Berlin,https://futhead.cursecdn.com/static/img/22/clubs/115820.png,3. Liga,https://futhead.cursecdn.com/static/img/22/leagues/2076.png
595,Viktoria Köln,https://futhead.cursecdn.com/static/img/22/clubs/110645.png,3. Liga,https://futhead.cursecdn.com/static/img/22/leagues/2076.png
596,Viktoria Plzeň,https://futhead.cursecdn.com/static/img/22/clubs/110468.png,Česká Liga,https://futhead.cursecdn.com/static/img/22/leagues/319.png
597,Villarreal CF,https://futhead.cursecdn.com/static/img/22/clubs/483.png,LaLiga Santander,https://futhead.cursecdn.com/static/img/22/leagues/53.png
598,Vissel Kobe,https://futhead.cursecdn.com/static/img/22/clubs/101146.png,Meiji Yasuda J1 League,https://futhead.cursecdn.com/static/img/22/leagues/349.png
599,Vitesse,https://futhead.cursecdn.com/static/img/22/clubs/1909.png,Eredivisie,https://futhead.cursecdn.com/static/img/22/leagues/10.png
600,Vitória SC,https://futhead.cursecdn.com/static/img/22/clubs/1887.png,Liga Portugal,https://futhead.cursecdn.com/static/img/22/leagues/308.png
601,Vålerenga Fotball,https://futhead.cursecdn.com/static/img/22/clubs/920.png,Eliteserien,https://futhead.cursecdn.com/static/img/22/leagues/41.png
602,WS Wanderers,https://futhead.cursecdn.com/static/img/22/clubs/112427.png,A-League,https://futhead.cursecdn.com/static/img/22/leagues/351.png
603,WSG Tirol,https://futhead.cursecdn.com/static/img/22/clubs/15040.png,Österreichische Fußball-Bundesliga,https://futhead.cursecdn.com/static/img/22/leagues/80.png
604,Walsall,https://futhead.cursecdn.com/static/img/22/clubs/1803.png,EFL League Two,https://futhead.cursecdn.com/static/img/22/leagues/61.png
605,Warta Poznań,https://futhead.cursecdn.com/static/img/22/clubs/112511.png,PKO Bank Polski Ekstraklasa,https://futhead.cursecdn.com/static/img/22/leagues/66.png
606,Waterford FC,https://futhead.cursecdn.com/static/img/22/clubs/753.png,SSE Airtricity Premier Division,https://futhead.cursecdn.com/static/img/22/leagues/65.png
607,Watford,https://futhead.cursecdn.com/static/img/22/clubs/1795.png,Premier League,https://futhead.cursecdn.com/static/img/22/leagues/13.png
608,Well. Phoenix,https://futhead.cursecdn.com/static/img/22/clubs/111766.png,A-League,https://futhead.cursecdn.com/static/img/22/leagues/351.png
609,West Brom,https://futhead.cursecdn.com/static/img/22/clubs/109.png,EFL Championship,https://futhead.cursecdn.com/static/img/22/leagues/14.png
610,West Ham,https://futhead.cursecdn.com/static/img/22/clubs/19.png,Premier League,https://futhead.cursecdn.com/static/img/22/leagues/13.png
611,Western United,https://futhead.cursecdn.com/static/img/22/clubs/114023.png,A-League,https://futhead.cursecdn.com/static/img/22/leagues/351.png
612,Whitecaps FC,https://futhead.cursecdn.com/static/img/22/clubs/101112.png,Major League Soccer,https://futhead.cursecdn.com/static/img/22/leagues/39.png
613,Wigan Athletic,https://futhead.cursecdn.com/static/img/22/clubs/1917.png,EFL League One,https://futhead.cursecdn.com/static/img/22/leagues/60.png
614,Willem II,https://futhead.cursecdn.com/static/img/22/clubs/1907.png,Eredivisie,https://futhead.cursecdn.com/static/img/22/leagues/10.png
615,Wilstermann,https://futhead.cursecdn.com/static/img/22/clubs/110974.png,CONMEBOL Sudamericana,https://futhead.cursecdn.com/static/img/22/leagues/1014.png
616,Wisła Kraków,https://futhead.cursecdn.com/static/img/22/clubs/1873.png,PKO Bank Polski Ekstraklasa,https://futhead.cursecdn.com/static/img/22/leagues/66.png
617,Wisła Płock,https://futhead.cursecdn.com/static/img/22/clubs/1569.png,PKO Bank Polski Ekstraklasa,https://futhead.cursecdn.com/static/img/22/leagues/66.png
618,Wolfsberger AC,https://futhead.cursecdn.com/static/img/22/clubs/111822.png,Österreichische Fußball-Bundesliga,https://futhead.cursecdn.com/static/img/22/leagues/80.png
619,Wolves,https://futhead.cursecdn.com/static/img/22/clubs/110.png,Premier League,https://futhead.cursecdn.com/static/img/22/leagues/13.png
620,Wrexham AFC,https://futhead.cursecdn.com/static/img/22/clubs/1947.png,England Division Five,https://futhead.cursecdn.com/static/img/22/leagues/2208.png
621,Wuhan FC,https://futhead.cursecdn.com/static/img/22/clubs/112541.png,Chinese Football Association Super League,https://futhead.cursecdn.com/static/img/22/leagues/2012.png
622,Wycombe,https://futhead.cursecdn.com/static/img/22/clubs/1933.png,EFL League One,https://futhead.cursecdn.com/static/img/22/leagues/60.png
623,Würzburg,https://futhead.cursecdn.com/static/img/22/clubs/110197.png,3. Liga,https://futhead.cursecdn.com/static/img/22/leagues/2076.png
624,Yeni Malatyaspor,https://futhead.cursecdn.com/static/img/22/clubs/113259.png,Süper Lig,https://futhead.cursecdn.com/static/img/22/leagues/68.png
625,Yokohama FC,https://futhead.cursecdn.com/static/img/22/clubs/113197.png,Meiji Yasuda J1 League,https://futhead.cursecdn.com/static/img/22/leagues/349.png
626,Yokohama F･M,https://futhead.cursecdn.com/static/img/22/clubs/101151.png,Meiji Yasuda J1 League,https://futhead.cursecdn.com/static/img/22/leagues/349.png
627,Zagłębie Lubin,https://futhead.cursecdn.com/static/img/22/clubs/110749.png,PKO Bank Polski Ekstraklasa,https://futhead.cursecdn.com/static/img/22/leagues/66.png
628,Zulte Waregem,https://futhead.cursecdn.com/static/img/22/clubs/15005.png,1A Pro League,https://futhead.cursecdn.com/static/img/22/leagues/4.png
629,sc Heerenveen,https://futhead.cursecdn.com/static/img/22/clubs/1913.png,Eredivisie,https://futhead.cursecdn.com/static/img/22/leagues/10.png
630,Çaykur Rizespor,https://futhead.cursecdn.com/static/img/22/clubs/101037.png,Süper Lig,https://futhead.cursecdn.com/static/img/22/leagues/68.png
631,Örebro SK,https://futhead.cursecdn.com/static/img/22/clubs/705.png,Allsvenskan,https://futhead.cursecdn.com/static/img/22/leagues/56.png
632,Östersunds FK,https://futhead.cursecdn.com/static/img/22/clubs/113173.png,Allsvenskan,https://futhead.cursecdn.com/static/img/22/leagues/56.png
633,Śląsk Wrocław,https://futhead.cursecdn.com/static/img/22/clubs/111092.png,PKO Bank Polski Ekstraklasa,https://futhead.cursecdn.com/static/img/22/leagues/66.png
